data,t_max,t_min,t_mean,precip_mm,humidade_perc,radiacao_w_m2
2019-01-01,11.0,4.1,7.6,0.5,89.6,50.7
2019-01-02,9.8,-2.7,3.6,0.0,58.9,68.4
2019-01-03,11.4,0.5,5.9,3.0,92.3,58.3
2019-01-04,13.1,-1.2,6.0,0.0,59.9,65.8
2019-01-05,9.7,1.0,5.3,0.0,56.1,50.0
2019-01-06,9.7,0.2,4.9,0.0,73.1,59.2
2019-01-07,13.3,-1.1,6.1,0.0,55.1,50.0
2019-01-08,11.8,1.2,6.5,0.0,45.9,91.9
2019-01-09,9.3,3.9,6.6,13.3,74.8,50.0
2019-01-10,11.4,-0.1,5.6,0.0,66.2,88.3
2019-01-11,9.4,1.8,5.6,0.0,73.9,50.0
2019-01-12,9.5,-2.2,3.6,0.0,61.1,61.8
2019-01-13,10.9,-1.5,4.7,0.0,73.2,50.0
2019-01-14,6.7,1.4,4.0,0.0,46.4,50.0
2019-01-15,7.1,3.5,5.3,0.0,55.6,50.0
2019-01-16,9.5,1.3,5.4,0.0,57.1,50.0
2019-01-17,8.6,0.0,4.3,11.9,78.9,50.1
2019-01-18,11.3,0.7,6.0,0.0,60.8,67.1
2019-01-19,9.0,-1.7,3.6,0.0,66.9,92.0
2019-01-20,8.0,2.1,5.0,0.0,55.6,50.0
2019-01-21,13.9,2.7,8.3,0.0,61.4,50.0
2019-01-22,10.5,0.1,5.3,17.3,79.5,50.0
2019-01-23,11.2,0.1,5.7,0.0,50.7,80.4
2019-01-24,8.3,1.7,5.0,0.0,58.9,108.7
2019-01-25,10.1,0.4,5.2,10.5,78.6,106.4
2019-01-26,11.5,1.2,6.4,0.0,58.3,91.0
2019-01-27,9.1,5.6,7.3,0.0,60.3,90.2
2019-01-28,12.2,1.0,6.6,0.0,60.8,123.3
2019-01-29,10.4,0.9,5.6,4.5,75.7,83.7
2019-01-30,11.1,0.4,5.7,0.0,72.7,94.5
2019-01-31,10.6,3.3,6.9,0.0,48.3,67.0
2019-02-01,15.6,1.5,8.5,0.0,52.8,50.0
2019-02-02,11.9,0.7,6.3,5.6,100.0,59.1
2019-02-03,10.0,4.7,7.3,0.0,49.6,80.9
2019-02-04,13.8,5.0,9.4,0.0,46.5,84.6
2019-02-05,9.8,1.1,5.5,0.0,67.3,142.2
2019-02-06,12.8,-1.3,5.7,0.0,39.2,88.5
2019-02-07,8.6,4.5,6.6,0.0,57.6,123.1
2019-02-08,10.0,1.3,5.6,36.0,100.0,76.4
2019-02-09,13.1,4.3,8.7,0.0,44.6,81.9
2019-02-10,14.3,-1.1,6.6,0.0,40.2,53.1
2019-02-11,13.3,4.8,9.1,0.0,45.0,72.6
2019-02-12,12.9,0.7,6.8,0.0,69.0,112.5
2019-02-13,12.6,4.7,8.7,0.0,71.2,98.8
2019-02-14,10.4,3.4,6.9,0.0,54.9,128.8
2019-02-15,12.1,1.6,6.8,0.0,66.8,107.9
2019-02-16,12.7,2.8,7.8,0.0,73.9,93.8
2019-02-17,15.9,5.1,10.5,10.7,97.9,170.9
2019-02-18,14.6,4.1,9.3,9.1,77.5,105.6
2019-02-19,10.5,5.2,7.9,0.0,37.0,145.4
2019-02-20,14.8,8.1,11.5,0.0,51.8,100.6
2019-02-21,13.5,1.2,7.4,0.0,55.7,136.0
2019-02-22,13.1,7.7,10.4,0.0,57.4,144.7
2019-02-23,15.8,4.8,10.3,11.1,78.1,125.3
2019-02-24,16.8,2.9,9.9,0.0,71.2,50.6
2019-02-25,16.8,2.2,9.5,0.0,72.7,123.9
2019-02-26,13.4,4.7,9.0,0.0,58.3,162.5
2019-02-27,14.6,7.0,10.8,0.0,71.0,143.7
2019-02-28,16.0,5.1,10.5,0.0,63.6,143.5
2019-03-01,17.4,8.5,13.0,0.0,60.6,80.8
2019-03-02,14.7,2.7,8.7,0.0,69.1,113.2
2019-03-03,15.4,5.8,10.6,0.0,60.7,149.4
2019-03-04,13.8,3.5,8.6,24.2,100.0,151.8
2019-03-05,13.7,6.8,10.3,0.0,45.6,178.3
2019-03-06,17.9,8.1,13.0,0.0,54.8,139.9
2019-03-07,19.2,5.6,12.4,18.6,78.7,158.8
2019-03-08,16.5,1.4,8.9,0.0,64.4,149.5
2019-03-09,18.8,7.2,13.0,0.0,72.7,121.9
2019-03-10,17.7,7.8,12.7,0.0,59.8,86.3
2019-03-11,15.8,7.9,11.9,14.1,65.8,169.3
2019-03-12,18.0,9.7,13.9,0.0,68.4,164.1
2019-03-13,20.5,5.3,12.9,0.0,67.5,142.8
2019-03-14,17.5,9.0,13.2,0.0,40.6,115.3
2019-03-15,20.9,10.1,15.5,0.0,60.0,185.3
2019-03-16,12.7,4.4,8.5,8.9,64.1,160.9
2019-03-17,19.7,8.7,14.2,0.0,53.4,188.1
2019-03-18,18.4,7.3,12.8,0.5,71.0,229.9
2019-03-19,17.8,8.3,13.1,0.0,68.1,112.3
2019-03-20,18.8,9.3,14.0,0.0,61.2,158.1
2019-03-21,14.8,7.8,11.3,0.0,47.1,175.3
2019-03-22,18.5,7.6,13.1,0.0,68.8,227.8
2019-03-23,19.8,9.2,14.5,0.0,45.7,137.7
2019-03-24,22.2,7.1,14.7,0.0,63.3,247.4
2019-03-25,18.4,7.3,12.9,13.3,71.9,196.0
2019-03-26,18.0,11.0,14.5,0.0,56.3,191.6
2019-03-27,18.8,7.5,13.2,0.0,65.0,191.1
2019-03-28,21.8,11.3,16.6,0.0,65.2,186.6
2019-03-29,20.8,11.1,15.9,0.0,73.4,233.7
2019-03-30,19.3,6.9,13.1,0.0,59.2,172.8
2019-03-31,21.5,9.1,15.3,0.0,63.1,217.8
2019-04-01,20.9,13.1,17.0,0.0,55.6,198.4
2019-04-02,22.8,8.9,15.8,0.0,61.8,189.7
2019-04-03,19.6,10.1,14.8,0.0,64.4,292.7
2019-04-04,20.5,12.1,16.3,0.0,59.0,230.3
2019-04-05,20.6,12.9,16.7,0.0,42.0,238.6
2019-04-06,18.6,11.0,14.8,0.0,63.3,256.9
2019-04-07,22.3,10.5,16.4,0.0,63.6,182.7
2019-04-08,22.4,14.7,18.5,0.0,53.2,280.5
2019-04-09,22.0,15.5,18.8,0.0,47.2,155.1
2019-04-10,21.7,14.2,17.9,0.0,74.8,209.9
2019-04-11,19.5,12.5,16.0,0.0,64.9,221.7
2019-04-12,21.7,10.9,16.3,0.0,57.7,255.4
2019-04-13,22.0,11.0,16.5,0.0,48.6,247.0
2019-04-14,21.3,13.9,17.6,0.0,51.8,237.9
2019-04-15,22.7,13.9,18.3,13.8,93.0,245.0
2019-04-16,24.0,16.0,20.0,0.0,61.4,218.5
2019-04-17,27.1,14.7,20.9,0.0,54.5,205.4
2019-04-18,23.9,10.5,17.2,0.0,65.1,274.5
2019-04-19,24.2,15.8,20.0,0.0,51.9,275.9
2019-04-20,23.7,11.8,17.8,0.0,75.0,305.1
2019-04-21,20.2,13.2,16.7,8.7,93.5,236.2
2019-04-22,24.1,14.7,19.4,0.0,55.3,283.0
2019-04-23,24.4,18.3,21.4,0.0,53.7,256.1
2019-04-24,29.4,20.7,25.0,0.0,33.8,302.6
2019-04-25,24.2,15.8,20.0,0.0,45.2,299.9
2019-04-26,25.4,14.4,19.9,0.0,46.6,277.8
2019-04-27,24.8,16.0,20.4,0.0,61.4,263.6
2019-04-28,22.7,16.8,19.8,0.0,56.7,304.8
2019-04-29,27.5,14.6,21.0,0.0,46.5,297.6
2019-04-30,26.9,19.0,22.9,0.0,57.2,259.9
2019-05-01,27.1,16.0,21.5,0.0,65.1,242.7
2019-05-02,23.8,16.6,20.2,0.0,65.3,276.1
2019-05-03,28.6,17.1,22.9,0.0,41.0,332.3
2019-05-04,23.1,16.8,19.9,0.0,58.7,323.3
2019-05-05,27.2,17.7,22.5,0.0,46.2,257.6
2019-05-06,30.6,15.0,22.8,0.0,69.0,258.0
2019-05-07,24.4,15.2,19.8,0.0,67.8,333.3
2019-05-08,25.3,14.3,19.8,0.0,51.0,263.0
2019-05-09,26.8,17.5,22.1,0.0,52.3,314.3
2019-05-10,25.7,18.3,22.0,0.0,55.4,282.4
2019-05-11,23.8,17.8,20.8,0.0,37.5,351.3
2019-05-12,27.1,20.3,23.7,0.0,63.4,281.6
2019-05-13,25.0,17.1,21.0,0.0,57.3,340.8
2019-05-14,28.2,18.6,23.4,0.0,69.7,313.8
2019-05-15,25.5,15.2,20.3,0.0,49.0,317.6
2019-05-16,30.6,16.7,23.6,0.0,53.8,252.7
2019-05-17,26.0,19.0,22.5,0.0,44.9,247.4
2019-05-18,27.0,19.4,23.2,0.0,50.0,308.6
2019-05-19,29.4,17.2,23.3,0.0,48.2,324.2
2019-05-20,25.4,17.8,21.6,0.0,70.0,284.7
2019-05-21,28.5,15.0,21.7,0.0,53.0,287.3
2019-05-22,30.7,17.4,24.1,0.0,61.2,338.4
2019-05-23,25.0,20.0,22.5,0.0,56.2,339.9
2019-05-24,28.7,19.4,24.1,0.0,47.3,320.3
2019-05-25,28.9,19.4,24.2,0.0,58.3,349.3
2019-05-26,30.0,18.6,24.3,0.0,66.0,292.1
2019-05-27,26.1,18.6,22.3,0.0,47.9,318.0
2019-05-28,26.0,17.3,21.7,0.0,68.1,379.4
2019-05-29,29.8,20.1,25.0,0.0,51.5,333.3
2019-05-30,29.4,19.7,24.5,0.0,55.2,336.2
2019-05-31,29.4,19.9,24.7,0.0,65.3,400.0
2019-06-01,29.7,17.9,23.8,0.0,53.4,292.8
2019-06-02,27.7,14.8,21.2,0.0,60.4,359.8
2019-06-03,29.6,21.3,25.5,0.0,56.9,386.9
2019-06-04,29.8,18.2,24.0,0.0,61.3,328.3
2019-06-05,27.8,17.5,22.7,0.0,36.2,364.8
2019-06-06,33.1,20.7,26.9,0.0,41.7,310.5
2019-06-07,30.3,18.6,24.5,0.0,66.2,320.3
2019-06-08,27.1,21.6,24.3,0.0,70.4,353.3
2019-06-09,30.8,20.7,25.8,0.0,50.9,366.5
2019-06-10,27.6,20.9,24.3,0.0,57.6,377.0
2019-06-11,31.2,16.9,24.0,0.0,62.9,391.2
2019-06-12,32.0,22.1,27.0,0.0,66.9,342.7
2019-06-13,28.1,20.2,24.1,0.0,39.7,381.2
2019-06-14,31.7,19.0,25.3,0.0,51.1,335.8
2019-06-15,30.6,20.1,25.3,0.0,56.7,373.7
2019-06-16,31.5,16.3,23.9,0.0,67.0,353.4
2019-06-17,33.6,20.7,27.1,0.0,85.0,361.0
2019-06-18,29.4,17.8,23.6,0.0,57.7,360.8
2019-06-19,28.4,17.2,22.8,0.0,45.9,300.3
2019-06-20,28.1,16.9,22.5,0.0,64.0,315.1
2019-06-21,28.3,22.2,25.2,0.0,73.2,352.2
2019-06-22,29.8,18.7,24.3,6.1,81.1,298.7
2019-06-23,30.7,23.0,26.8,0.0,50.9,374.5
2019-06-24,30.5,18.9,24.7,0.0,69.6,375.9
2019-06-25,31.6,16.6,24.1,0.0,66.6,359.7
2019-06-26,30.0,17.8,23.9,0.0,49.7,316.3
2019-06-27,32.9,22.5,27.7,0.0,63.8,391.4
2019-06-28,29.5,19.7,24.6,0.0,70.0,400.0
2019-06-29,35.4,18.9,27.2,0.0,71.8,354.4
2019-06-30,31.2,20.3,25.8,0.0,59.3,365.2
2019-07-01,28.3,21.0,24.6,0.0,56.4,355.8
2019-07-02,27.8,22.2,25.0,0.0,72.3,365.4
2019-07-03,30.9,22.9,26.9,0.0,47.9,345.7
2019-07-04,29.5,19.2,24.4,0.0,64.4,348.0
2019-07-05,31.3,17.3,24.3,0.0,46.3,375.9
2019-07-06,30.8,19.1,25.0,0.0,70.7,400.0
2019-07-07,29.7,20.4,25.1,0.0,57.4,305.9
2019-07-08,28.1,17.9,23.0,0.0,72.7,344.4
2019-07-09,26.8,17.9,22.3,0.0,64.9,311.6
2019-07-10,28.9,20.5,24.7,0.0,47.8,394.2
2019-07-11,31.4,19.6,25.5,0.0,74.2,328.3
2019-07-12,30.1,19.8,24.9,0.0,75.5,302.0
2019-07-13,27.1,18.1,22.6,0.0,68.8,363.8
2019-07-14,29.9,19.1,24.5,0.0,52.4,396.2
2019-07-15,30.3,17.7,24.0,0.0,56.9,363.1
2019-07-16,27.7,21.3,24.5,0.0,61.5,348.5
2019-07-17,29.7,21.5,25.6,0.0,53.0,353.8
2019-07-18,29.5,15.7,22.6,0.0,76.9,383.1
2019-07-19,27.0,17.5,22.2,0.0,61.4,313.5
2019-07-20,30.0,16.3,23.1,0.0,33.0,335.4
2019-07-21,30.3,17.9,24.1,0.0,63.4,324.2
2019-07-22,31.3,18.9,25.1,0.0,56.5,301.7
2019-07-23,31.2,16.1,23.6,0.0,59.3,325.8
2019-07-24,26.2,17.1,21.7,0.0,56.3,367.8
2019-07-25,27.0,16.9,21.9,0.0,68.1,350.4
2019-07-26,29.8,19.2,24.5,0.0,71.2,351.5
2019-07-27,29.8,18.9,24.3,4.7,82.8,335.3
2019-07-28,29.7,17.2,23.4,0.0,56.6,345.3
2019-07-29,36.3,18.9,27.6,0.0,59.6,304.3
2019-07-30,29.6,17.4,23.5,0.0,60.2,317.7
2019-07-31,30.6,17.8,24.2,0.0,52.0,331.3
2019-08-01,30.2,21.6,25.9,0.0,65.8,332.5
2019-08-02,29.5,20.9,25.2,0.0,64.6,332.3
2019-08-03,27.4,15.5,21.5,0.0,75.4,317.0
2019-08-04,29.5,19.6,24.6,0.0,72.6,308.3
2019-08-05,26.3,19.5,22.9,24.0,73.1,400.0
2019-08-06,27.3,15.5,21.4,0.0,68.2,343.7
2019-08-07,26.7,19.3,23.0,0.0,50.5,327.2
2019-08-08,27.7,20.6,24.2,0.0,67.0,306.1
2019-08-09,32.1,15.2,23.6,0.0,54.8,297.9
2019-08-10,23.6,15.5,19.5,0.0,49.8,305.8
2019-08-11,28.6,19.2,23.9,0.0,62.8,316.7
2019-08-12,23.8,17.6,20.7,0.0,33.3,249.7
2019-08-13,26.0,18.1,22.0,0.0,42.5,257.2
2019-08-14,29.0,17.5,23.3,0.0,58.2,283.3
2019-08-15,26.8,17.5,22.2,0.0,60.8,306.7
2019-08-16,24.4,13.9,19.2,0.0,56.3,291.4
2019-08-17,25.0,18.5,21.8,0.0,44.2,340.9
2019-08-18,27.7,18.6,23.2,0.0,51.8,250.1
2019-08-19,24.7,15.7,20.2,0.0,63.9,270.0
2019-08-20,26.5,15.9,21.2,0.0,65.8,336.1
2019-08-21,26.0,12.8,19.4,0.0,59.8,292.4
2019-08-22,24.5,16.8,20.6,0.0,71.6,312.9
2019-08-23,29.9,16.8,23.3,0.0,64.0,345.8
2019-08-24,26.7,15.3,21.0,0.0,52.5,261.3
2019-08-25,21.3,17.6,19.4,0.0,57.2,276.9
2019-08-26,25.6,14.5,20.0,0.0,46.0,269.5
2019-08-27,23.7,16.2,19.9,0.0,58.9,216.9
2019-08-28,26.6,12.8,19.7,0.0,71.1,263.9
2019-08-29,23.1,14.7,18.9,0.0,66.9,297.4
2019-08-30,24.4,14.2,19.3,0.0,74.0,284.9
2019-08-31,25.4,14.9,20.2,0.0,57.0,285.0
2019-09-01,26.0,13.5,19.8,0.0,73.5,252.8
2019-09-02,21.7,13.9,17.8,0.0,58.1,242.0
2019-09-03,23.3,15.6,19.4,0.0,74.7,297.4
2019-09-04,22.8,12.9,17.9,0.0,59.8,242.1
2019-09-05,22.3,10.4,16.4,0.0,67.1,263.4
2019-09-06,27.0,17.0,22.0,0.0,74.8,257.1
2019-09-07,24.1,16.1,20.1,0.0,58.1,293.6
2019-09-08,20.6,10.6,15.6,0.0,62.2,276.4
2019-09-09,24.8,14.4,19.6,0.0,72.9,206.0
2019-09-10,27.1,11.8,19.4,0.0,58.7,206.7
2019-09-11,24.7,13.2,19.0,0.0,46.8,257.3
2019-09-12,19.5,13.1,16.3,0.0,81.4,235.5
2019-09-13,21.4,11.9,16.6,0.0,55.3,221.2
2019-09-14,24.7,10.6,17.6,0.0,61.6,262.8
2019-09-15,20.6,10.6,15.6,0.0,71.6,235.5
2019-09-16,22.7,10.0,16.3,0.0,53.9,228.9
2019-09-17,23.2,10.0,16.6,0.0,49.9,248.2
2019-09-18,19.6,11.3,15.5,0.0,62.5,211.0
2019-09-19,21.2,9.9,15.5,0.0,42.1,266.7
2019-09-20,14.7,12.5,13.6,0.0,57.1,193.5
2019-09-21,18.9,13.9,16.4,0.0,62.5,234.2
2019-09-22,20.3,9.6,15.0,0.0,57.3,255.0
2019-09-23,18.1,11.1,14.6,0.0,44.6,168.1
2019-09-24,23.7,11.5,17.6,0.0,75.9,196.5
2019-09-25,17.4,11.2,14.3,0.0,61.0,238.5
2019-09-26,19.2,10.3,14.7,0.0,74.3,236.4
2019-09-27,20.2,11.4,15.8,0.0,57.4,193.9
2019-09-28,22.6,10.7,16.7,0.0,51.2,174.4
2019-09-29,16.7,7.1,11.9,0.0,62.7,222.6
2019-09-30,21.7,11.2,16.5,0.0,57.8,226.8
2019-10-01,19.3,11.0,15.1,0.2,68.2,153.8
2019-10-02,17.1,7.6,12.3,0.0,74.7,150.1
2019-10-03,19.8,9.0,14.4,0.0,53.8,190.4
2019-10-04,19.1,10.1,14.6,0.0,41.6,199.9
2019-10-05,17.4,8.1,12.8,0.0,73.3,169.5
2019-10-06,18.5,10.5,14.5,0.0,55.0,196.3
2019-10-07,17.5,13.0,15.2,0.0,53.9,152.1
2019-10-08,18.3,6.5,12.4,0.0,42.3,107.4
2019-10-09,19.2,5.1,12.2,0.0,77.4,155.6
2019-10-10,20.9,8.3,14.6,0.0,47.1,167.7
2019-10-11,15.1,9.0,12.0,0.0,60.6,155.0
2019-10-12,21.7,6.9,14.3,0.0,69.1,126.0
2019-10-13,13.3,10.1,11.7,0.0,64.2,103.8
2019-10-14,16.8,4.4,10.6,0.0,59.4,140.4
2019-10-15,18.1,8.3,13.2,0.2,63.0,180.3
2019-10-16,17.3,5.5,11.4,0.0,51.9,188.6
2019-10-17,15.3,10.0,12.7,0.0,61.9,184.1
2019-10-18,16.0,10.4,13.2,0.0,52.1,121.6
2019-10-19,15.3,4.7,10.0,5.5,82.0,109.1
2019-10-20,14.9,5.0,9.9,0.0,66.8,156.2
2019-10-21,17.6,7.6,12.6,0.0,69.6,158.0
2019-10-22,16.5,5.0,10.7,0.0,47.7,148.6
2019-10-23,14.2,5.5,9.9,0.0,82.0,73.8
2019-10-24,17.3,5.5,11.4,0.0,67.7,105.9
2019-10-25,15.9,1.5,8.7,0.0,60.0,128.7
2019-10-26,16.8,5.1,11.0,0.0,70.9,142.0
2019-10-27,16.3,3.6,9.9,0.0,83.7,148.1
2019-10-28,13.2,3.9,8.5,0.0,45.6,127.2
2019-10-29,13.6,7.6,10.6,0.0,57.7,130.6
2019-10-30,16.1,2.1,9.1,0.0,36.2,121.1
2019-10-31,15.6,6.1,10.8,0.0,61.9,136.9
2019-11-01,14.2,3.7,9.0,0.0,63.7,123.6
2019-11-02,14.4,3.6,9.0,0.0,59.6,114.1
2019-11-03,16.6,5.6,11.1,0.0,53.5,102.0
2019-11-04,12.7,4.5,8.6,0.0,39.5,110.4
2019-11-05,14.8,4.9,9.8,0.0,63.7,120.5
2019-11-06,13.2,5.5,9.4,0.0,74.6,112.0
2019-11-07,13.0,2.8,7.9,0.0,54.1,113.4
2019-11-08,15.5,2.1,8.8,0.0,64.4,140.3
2019-11-09,14.9,1.0,7.9,0.0,44.3,106.1
2019-11-10,14.7,1.4,8.1,0.0,64.6,76.8
2019-11-11,15.6,8.9,12.2,0.0,56.1,120.9
2019-11-12,12.9,5.3,9.1,0.0,52.4,51.6
2019-11-13,14.1,0.0,7.1,0.0,52.4,58.4
2019-11-14,12.0,-0.0,6.0,0.0,56.1,99.1
2019-11-15,13.1,3.5,8.3,0.0,63.8,102.8
2019-11-16,12.1,3.5,7.8,0.0,46.9,50.0
2019-11-17,12.5,3.4,7.9,0.0,56.0,72.5
2019-11-18,13.3,1.6,7.5,6.2,79.6,64.2
2019-11-19,10.4,1.8,6.1,0.0,49.0,66.2
2019-11-20,16.1,2.6,9.4,0.0,78.0,107.5
2019-11-21,9.8,2.0,5.9,0.0,51.5,98.9
2019-11-22,9.3,-2.7,3.3,0.0,53.3,75.7
2019-11-23,14.0,1.2,7.6,0.0,50.2,58.4
2019-11-24,13.1,-0.1,6.5,0.0,78.0,50.0
2019-11-25,12.7,1.8,7.3,0.0,65.5,114.6
2019-11-26,12.6,7.4,10.0,4.7,70.6,88.5
2019-11-27,11.3,2.0,6.6,9.8,91.1,50.0
2019-11-28,9.4,0.6,5.0,0.0,62.0,89.8
2019-11-29,11.3,3.0,7.1,0.0,62.6,64.8
2019-11-30,9.7,2.0,5.9,1.8,76.6,57.2
2019-12-01,12.9,1.8,7.4,0.0,52.5,77.7
2019-12-02,10.6,2.1,6.4,0.0,63.4,50.0
2019-12-03,9.2,4.9,7.1,0.0,54.5,52.2
2019-12-04,10.1,-1.5,4.3,0.0,78.2,65.1
2019-12-05,11.5,1.6,6.6,0.0,47.3,50.0
2019-12-06,9.5,-1.2,4.1,41.7,95.4,79.7
2019-12-07,8.9,1.7,5.3,0.0,58.9,114.8
2019-12-08,11.0,-1.3,4.8,0.0,63.0,50.0
2019-12-09,11.0,-0.4,5.3,0.0,68.3,50.0
2019-12-10,9.4,-0.2,4.6,33.8,73.7,50.0
2019-12-11,9.4,2.3,5.9,10.4,88.6,51.1
2019-12-12,10.8,2.2,6.5,0.0,32.9,50.0
2019-12-13,7.4,-2.2,2.6,0.0,52.8,60.5
2019-12-14,7.4,0.4,3.9,0.0,50.8,57.7
2019-12-15,8.8,-1.2,3.8,0.0,47.5,50.0
2019-12-16,9.7,-2.3,3.7,0.0,57.9,50.0
2019-12-17,10.8,-0.3,5.2,0.0,63.9,61.0
2019-12-18,13.1,-0.5,6.3,4.0,87.0,55.8
2019-12-19,11.8,4.9,8.4,0.0,62.4,50.0
2019-12-20,9.8,0.9,5.3,0.0,53.3,50.0
2019-12-21,10.0,-2.7,3.7,0.0,63.7,64.9
2019-12-22,8.0,-1.1,3.5,0.0,61.2,88.7
2019-12-23,10.0,2.1,6.0,0.0,69.4,58.7
2019-12-24,9.4,4.2,6.8,2.7,87.8,50.0
2019-12-25,10.7,-3.2,3.7,0.0,60.3,51.4
2019-12-26,8.3,-3.8,2.3,0.0,51.0,50.0
2019-12-27,11.0,3.7,7.4,0.2,73.5,81.7
2019-12-28,13.1,0.8,6.9,0.0,54.5,52.5
2019-12-29,9.8,-1.7,4.0,0.0,56.8,50.0
2019-12-30,10.8,1.1,6.0,0.0,62.7,50.0
2019-12-31,11.4,-5.2,3.1,0.0,67.2,64.3
2020-01-01,9.2,0.0,4.6,11.4,79.5,50.0
2020-01-02,10.5,0.7,5.6,0.0,60.2,50.0
2020-01-03,10.1,1.9,6.0,1.7,81.4,50.0
2020-01-04,10.3,-1.9,4.2,0.0,54.8,68.5
2020-01-05,8.6,0.3,4.4,0.0,50.7,50.0
2020-01-06,10.2,-1.7,4.3,9.7,62.4,50.0
2020-01-07,11.2,0.7,5.9,0.0,53.0,50.0
2020-01-08,13.1,-1.6,5.8,0.0,64.7,82.7
2020-01-09,12.2,-0.6,5.8,0.0,53.0,50.0
2020-01-10,14.6,-1.7,6.5,0.0,57.6,106.5
2020-01-11,8.8,1.6,5.2,0.0,64.7,67.9
2020-01-12,12.1,2.1,7.1,0.0,65.2,65.9
2020-01-13,10.8,-0.0,5.4,0.0,49.2,52.6
2020-01-14,14.9,0.6,7.7,0.0,70.0,55.2
2020-01-15,8.9,-2.4,3.3,0.0,71.3,50.1
2020-01-16,8.9,-0.0,4.5,0.0,48.7,50.0
2020-01-17,9.5,0.6,5.0,0.0,51.8,75.7
2020-01-18,6.5,6.0,6.2,27.6,91.9,50.0
2020-01-19,9.7,-1.4,4.1,0.0,58.5,50.0
2020-01-20,9.3,3.8,6.6,0.0,37.8,50.0
2020-01-21,11.2,2.9,7.1,16.4,66.0,125.2
2020-01-22,11.7,1.6,6.6,0.0,57.5,80.8
2020-01-23,14.8,4.6,9.7,0.0,48.4,75.2
2020-01-24,13.0,1.9,7.5,0.0,55.9,50.0
2020-01-25,10.1,2.0,6.0,1.6,80.3,87.1
2020-01-26,9.5,1.2,5.4,0.0,74.6,66.2
2020-01-27,12.4,3.8,8.1,0.0,57.1,77.4
2020-01-28,8.8,3.7,6.3,0.0,70.7,50.0
2020-01-29,15.2,0.3,7.8,32.3,94.3,78.5
2020-01-30,14.0,-1.0,6.5,1.5,94.3,62.4
2020-01-31,10.8,1.4,6.1,8.4,82.8,53.6
2020-02-01,8.4,0.3,4.4,0.0,40.4,100.1
2020-02-02,14.7,1.8,8.3,0.0,64.6,50.0
2020-02-03,11.8,4.6,8.2,0.0,70.5,98.1
2020-02-04,14.7,1.3,8.0,7.8,79.2,103.3
2020-02-05,9.1,2.2,5.7,0.0,77.4,58.0
2020-02-06,11.2,2.5,6.9,0.0,68.6,61.4
2020-02-07,12.5,4.2,8.4,11.5,85.7,81.0
2020-02-08,12.7,-1.9,5.4,0.0,70.9,97.9
2020-02-09,11.8,1.5,6.7,0.0,63.3,86.6
2020-02-10,14.1,3.3,8.7,0.0,35.1,106.0
2020-02-11,10.9,5.4,8.1,10.4,75.0,147.7
2020-02-12,12.8,2.1,7.5,20.6,92.0,81.5
2020-02-13,13.5,-0.5,6.5,0.0,51.9,50.0
2020-02-14,14.4,4.6,9.5,32.8,77.8,125.3
2020-02-15,14.9,2.2,8.6,0.0,49.6,152.9
2020-02-16,11.4,1.2,6.3,9.9,97.8,116.2
2020-02-17,10.7,2.5,6.6,0.0,76.8,73.8
2020-02-18,16.5,3.5,10.0,0.0,51.2,104.7
2020-02-19,14.7,2.8,8.8,0.0,61.5,77.0
2020-02-20,12.7,-0.2,6.2,0.0,53.2,131.9
2020-02-21,17.4,6.1,11.8,0.0,66.1,74.2
2020-02-22,14.7,7.0,10.8,0.0,65.1,107.8
2020-02-23,17.0,5.9,11.4,0.0,68.1,88.9
2020-02-24,14.9,2.5,8.7,7.9,83.3,125.0
2020-02-25,19.0,4.5,11.8,0.0,89.4,112.4
2020-02-26,18.6,5.0,11.8,5.4,69.7,130.9
2020-02-27,14.7,6.4,10.5,0.0,42.9,128.5
2020-02-28,17.3,6.7,12.0,0.0,56.1,100.6
2020-02-29,16.8,4.0,10.4,1.0,64.3,151.3
2020-03-01,18.4,5.8,12.1,0.0,45.1,133.3
2020-03-02,13.9,6.7,10.3,0.0,50.0,107.4
2020-03-03,17.3,8.9,13.1,12.7,70.8,206.7
2020-03-04,18.2,7.5,12.9,9.8,70.5,156.1
2020-03-05,12.8,7.9,10.3,0.0,65.2,139.6
2020-03-06,14.1,6.6,10.3,0.0,54.9,189.1
2020-03-07,12.5,9.4,11.0,0.0,58.2,204.3
2020-03-08,16.2,7.6,11.9,0.0,68.9,147.1
2020-03-09,18.4,5.2,11.8,0.0,52.3,164.3
2020-03-10,20.1,9.9,15.0,0.0,57.4,126.7
2020-03-11,17.4,8.7,13.0,0.0,63.7,154.4
2020-03-12,20.7,6.5,13.6,20.1,60.6,155.4
2020-03-13,14.8,6.6,10.7,0.0,36.2,169.4
2020-03-14,14.4,8.4,11.4,5.6,83.5,176.3
2020-03-15,17.8,8.9,13.3,0.0,64.9,185.7
2020-03-16,18.9,8.5,13.7,0.0,80.6,178.5
2020-03-17,18.2,8.9,13.5,0.0,61.6,137.6
2020-03-18,14.3,11.8,13.1,7.1,88.2,148.3
2020-03-19,18.4,10.7,14.6,0.0,58.0,162.7
2020-03-20,16.2,9.2,12.7,0.0,63.0,173.1
2020-03-21,20.3,10.8,15.6,0.0,76.7,215.7
2020-03-22,19.8,7.1,13.5,0.0,38.8,151.9
2020-03-23,17.4,10.1,13.7,0.0,64.1,178.6
2020-03-24,18.4,13.1,15.8,0.0,81.4,220.5
2020-03-25,17.5,9.2,13.4,0.0,62.8,185.5
2020-03-26,19.7,8.1,13.9,0.0,76.5,210.9
2020-03-27,21.9,8.7,15.3,0.0,53.7,195.5
2020-03-28,18.2,8.0,13.1,0.0,59.7,209.9
2020-03-29,21.3,8.8,15.0,0.0,60.3,198.0
2020-03-30,19.4,9.8,14.6,0.0,37.8,227.4
2020-03-31,19.1,7.9,13.5,0.0,48.3,163.6
2020-04-01,20.6,10.9,15.7,0.0,49.0,201.6
2020-04-02,18.9,12.8,15.9,0.0,68.2,224.0
2020-04-03,20.1,9.4,14.7,0.0,68.7,233.7
2020-04-04,19.0,14.4,16.7,0.0,63.2,265.0
2020-04-05,25.4,12.5,19.0,0.0,68.2,211.1
2020-04-06,21.8,13.8,17.8,0.0,58.4,269.7
2020-04-07,20.5,10.5,15.5,0.0,72.0,208.1
2020-04-08,22.5,13.7,18.1,0.0,60.1,270.3
2020-04-09,22.0,10.0,16.0,0.0,60.6,257.5
2020-04-10,21.9,14.1,18.0,0.0,57.3,208.1
2020-04-11,23.8,12.9,18.3,0.0,66.8,247.2
2020-04-12,24.2,13.8,19.0,0.0,55.8,238.9
2020-04-13,21.8,10.5,16.2,0.0,69.8,261.7
2020-04-14,21.9,11.2,16.6,0.0,48.7,238.7
2020-04-15,22.6,14.4,18.5,3.9,69.0,238.6
2020-04-16,18.7,11.5,15.1,0.0,66.9,291.4
2020-04-17,20.5,14.4,17.5,0.0,59.1,249.8
2020-04-18,26.4,10.9,18.7,0.0,55.5,279.9
2020-04-19,27.1,15.5,21.3,0.0,68.9,250.8
2020-04-20,23.5,11.5,17.5,0.0,53.9,309.9
2020-04-21,25.3,15.3,20.3,0.0,58.0,241.9
2020-04-22,24.9,15.6,20.2,0.0,74.0,246.2
2020-04-23,30.6,13.1,21.8,0.0,75.4,312.7
2020-04-24,26.9,15.8,21.3,0.0,75.7,255.9
2020-04-25,24.5,15.3,19.9,0.0,57.2,319.5
2020-04-26,23.0,13.8,18.4,0.0,72.3,300.5
2020-04-27,21.9,13.0,17.5,0.0,50.5,271.4
2020-04-28,25.6,11.3,18.5,5.4,70.9,223.8
2020-04-29,23.8,16.1,20.0,0.0,36.5,279.8
2020-04-30,22.7,12.4,17.5,0.0,76.7,285.6
2020-05-01,24.4,15.8,20.1,0.0,51.4,319.7
2020-05-02,23.6,15.3,19.4,0.0,58.7,334.5
2020-05-03,29.3,17.3,23.3,0.0,50.9,268.4
2020-05-04,27.8,15.5,21.6,0.0,67.0,315.0
2020-05-05,26.2,15.5,20.9,0.0,56.2,316.0
2020-05-06,29.3,17.8,23.5,0.0,47.0,327.2
2020-05-07,26.6,17.1,21.9,0.0,64.4,312.0
2020-05-08,24.9,17.2,21.1,0.0,45.7,240.7
2020-05-09,29.8,17.7,23.7,0.0,51.6,296.2
2020-05-10,27.9,13.8,20.9,0.0,38.9,268.1
2020-05-11,24.9,18.5,21.7,0.0,45.8,298.6
2020-05-12,26.7,18.3,22.5,0.0,61.8,335.9
2020-05-13,25.5,15.2,20.3,0.0,40.4,317.5
2020-05-14,24.6,16.8,20.7,0.0,45.2,344.5
2020-05-15,29.3,17.4,23.3,0.0,60.0,322.1
2020-05-16,31.4,17.3,24.3,0.0,54.6,274.6
2020-05-17,24.9,18.3,21.6,0.0,79.9,239.6
2020-05-18,28.9,20.7,24.8,0.0,78.3,321.3
2020-05-19,26.6,20.1,23.3,0.0,51.3,312.0
2020-05-20,27.0,15.4,21.2,0.0,65.6,290.7
2020-05-21,26.9,19.3,23.1,0.0,67.5,270.5
2020-05-22,26.5,20.9,23.7,0.0,54.0,301.0
2020-05-23,28.4,19.1,23.7,0.0,45.0,318.6
2020-05-24,26.7,20.6,23.7,0.0,59.9,345.9
2020-05-25,29.0,22.5,25.8,0.0,58.3,332.9
2020-05-26,28.5,20.6,24.5,0.0,55.6,376.9
2020-05-27,28.2,19.2,23.7,0.0,64.4,298.9
2020-05-28,26.9,20.8,23.9,0.0,52.5,357.6
2020-05-29,27.7,19.1,23.4,0.0,48.5,333.9
2020-05-30,30.4,19.0,24.7,75.3,81.1,354.5
2020-05-31,30.0,18.3,24.1,0.0,63.9,321.7
2020-06-01,27.1,22.2,24.6,0.0,48.2,368.1
2020-06-02,29.3,17.5,23.4,0.0,69.3,345.8
2020-06-03,30.7,22.3,26.5,0.0,42.3,317.6
2020-06-04,25.9,20.3,23.1,0.0,54.2,338.6
2020-06-05,30.4,16.5,23.5,0.0,57.4,332.8
2020-06-06,28.1,20.1,24.1,0.0,53.6,355.5
2020-06-07,30.6,15.2,22.9,0.0,54.3,306.3
2020-06-08,28.0,20.8,24.4,0.0,78.7,341.7
2020-06-09,25.9,21.3,23.6,0.0,51.5,355.2
2020-06-10,26.3,18.4,22.4,1.1,100.0,345.1
2020-06-11,29.7,19.9,24.8,0.0,64.4,385.2
2020-06-12,30.2,23.6,26.9,0.0,60.9,368.6
2020-06-13,27.9,18.7,23.3,0.0,64.8,345.8
2020-06-14,31.1,17.7,24.4,0.0,85.3,353.1
2020-06-15,26.5,22.8,24.6,0.0,50.1,356.0
2020-06-16,29.7,23.8,26.7,0.0,48.8,359.7
2020-06-17,27.4,19.9,23.7,0.0,52.5,293.3
2020-06-18,28.6,21.9,25.3,0.0,60.3,339.4
2020-06-19,30.0,22.6,26.3,0.0,42.7,304.3
2020-06-20,28.2,18.5,23.3,0.0,60.2,387.4
2020-06-21,29.2,19.0,24.1,0.0,76.9,347.5
2020-06-22,32.0,22.4,27.2,0.0,61.5,343.8
2020-06-23,28.8,23.4,26.1,0.0,57.1,376.6
2020-06-24,31.7,21.1,26.4,0.0,53.8,362.5
2020-06-25,27.7,18.2,23.0,0.0,69.0,316.1
2020-06-26,31.1,24.0,27.5,0.0,51.7,347.9
2020-06-27,32.9,18.9,25.9,0.0,78.5,339.9
2020-06-28,25.1,19.3,22.2,0.0,79.3,297.6
2020-06-29,28.4,20.7,24.5,0.0,62.6,329.1
2020-06-30,31.1,23.1,27.1,13.6,79.9,344.2
2020-07-01,29.6,21.7,25.6,0.0,70.3,346.1
2020-07-02,30.7,20.8,25.7,0.0,70.9,304.8
2020-07-03,28.7,20.9,24.8,0.0,51.9,383.6
2020-07-04,30.1,20.0,25.0,0.0,54.7,345.7
2020-07-05,29.6,21.0,25.3,0.0,46.8,349.5
2020-07-06,32.2,14.8,23.5,0.0,64.1,360.0
2020-07-07,30.3,19.2,24.8,0.0,66.7,323.9
2020-07-08,30.5,20.3,25.4,0.0,46.5,360.7
2020-07-09,28.9,17.5,23.2,0.0,55.4,335.5
2020-07-10,28.8,20.5,24.6,0.0,46.5,319.0
2020-07-11,28.8,19.3,24.0,0.0,51.0,362.5
2020-07-12,30.4,23.2,26.8,0.0,65.5,389.4
2020-07-13,28.8,22.7,25.7,0.0,52.7,365.7
2020-07-14,30.1,18.6,24.4,0.0,57.0,370.8
2020-07-15,33.6,19.2,26.4,0.0,43.7,326.7
2020-07-16,31.2,19.3,25.2,0.0,61.9,293.6
2020-07-17,28.7,18.5,23.6,0.0,59.6,385.4
2020-07-18,31.7,19.7,25.7,0.0,52.7,400.0
2020-07-19,28.4,17.7,23.1,0.0,58.1,385.1
2020-07-20,25.1,16.9,21.0,0.0,61.8,327.7
2020-07-21,27.1,20.4,23.7,0.0,51.9,302.1
2020-07-22,25.3,20.3,22.8,0.0,45.2,303.7
2020-07-23,28.3,17.4,22.8,0.0,78.1,284.0
2020-07-24,28.9,20.7,24.8,0.0,53.7,330.1
2020-07-25,32.2,17.5,24.9,0.0,59.0,380.3
2020-07-26,29.4,19.2,24.3,0.0,70.1,326.7
2020-07-27,28.2,20.3,24.2,0.0,95.3,338.7
2020-07-28,30.2,18.5,24.4,16.2,67.6,369.6
2020-07-29,24.0,19.4,21.7,0.0,64.5,314.9
2020-07-30,28.8,17.3,23.1,0.0,52.9,386.6
2020-07-31,29.8,17.9,23.9,0.0,54.6,383.9
2020-08-01,25.2,17.8,21.5,0.0,52.8,318.8
2020-08-02,30.4,16.6,23.5,0.0,48.7,303.9
2020-08-03,28.7,17.6,23.1,0.0,59.6,340.6
2020-08-04,27.0,14.8,20.9,0.0,45.3,307.6
2020-08-05,29.0,16.8,22.9,0.0,69.5,281.8
2020-08-06,32.2,17.1,24.6,0.0,60.6,353.2
2020-08-07,27.9,17.0,22.5,0.0,64.2,349.6
2020-08-08,27.9,16.9,22.4,0.0,55.3,316.1
2020-08-09,26.4,17.2,21.8,0.0,56.3,271.8
2020-08-10,25.5,18.2,21.8,0.0,62.9,271.0
2020-08-11,28.7,18.8,23.8,0.0,48.4,309.3
2020-08-12,25.2,15.7,20.4,0.0,56.4,289.3
2020-08-13,27.0,14.4,20.7,0.0,51.4,292.1
2020-08-14,25.7,14.6,20.2,0.0,51.1,331.1
2020-08-15,27.5,15.6,21.6,0.0,38.9,320.5
2020-08-16,27.1,15.7,21.4,0.0,73.4,337.9
2020-08-17,28.4,14.8,21.6,0.0,53.1,264.9
2020-08-18,25.2,13.6,19.4,0.0,71.6,282.3
2020-08-19,25.5,15.1,20.3,0.0,70.7,313.3
2020-08-20,23.9,16.3,20.1,0.0,47.1,301.9
2020-08-21,24.9,16.9,20.9,0.0,49.1,332.3
2020-08-22,26.4,14.5,20.4,0.0,85.6,296.8
2020-08-23,27.0,14.6,20.8,0.0,77.5,337.5
2020-08-24,23.5,13.5,18.5,0.0,59.7,296.1
2020-08-25,26.9,15.1,21.0,0.0,62.6,309.6
2020-08-26,27.7,13.3,20.5,0.0,53.7,265.8
2020-08-27,25.7,16.0,20.9,0.0,64.3,273.7
2020-08-28,28.5,11.2,19.8,0.0,52.8,298.3
2020-08-29,23.0,13.9,18.4,0.0,39.7,317.1
2020-08-30,21.9,15.0,18.5,0.0,46.8,288.3
2020-08-31,20.7,14.6,17.7,0.0,60.2,261.6
2020-09-01,27.1,19.5,23.3,0.0,48.7,303.0
2020-09-02,25.3,14.7,20.0,0.0,59.3,193.6
2020-09-03,23.7,11.8,17.7,0.0,49.3,214.3
2020-09-04,24.2,13.4,18.8,0.0,52.2,275.0
2020-09-05,21.2,9.9,15.6,0.0,68.5,252.6
2020-09-06,28.2,13.2,20.7,0.0,62.5,267.9
2020-09-07,23.4,11.5,17.4,0.0,59.9,249.2
2020-09-08,23.2,14.8,19.0,0.0,68.8,262.0
2020-09-09,24.3,11.7,18.0,0.0,64.8,217.9
2020-09-10,23.6,12.4,18.0,0.0,74.5,257.0
2020-09-11,22.9,11.2,17.1,0.0,55.4,267.2
2020-09-12,20.7,15.8,18.3,0.0,55.7,271.5
2020-09-13,23.1,11.5,17.3,0.0,47.0,292.8
2020-09-14,25.8,15.7,20.7,0.0,55.7,237.2
2020-09-15,24.5,13.4,19.0,0.0,69.6,235.5
2020-09-16,24.8,12.6,18.7,0.0,73.0,179.1
2020-09-17,20.5,12.2,16.3,0.0,69.6,206.3
2020-09-18,19.3,12.1,15.7,0.0,42.1,213.9
2020-09-19,20.9,7.3,14.1,0.0,70.8,248.6
2020-09-20,21.1,10.4,15.7,0.0,41.6,196.2
2020-09-21,23.0,12.5,17.7,0.0,69.0,235.9
2020-09-22,17.2,10.5,13.9,0.0,56.3,209.3
2020-09-23,23.5,7.6,15.6,0.0,67.0,201.5
2020-09-24,20.0,10.2,15.1,0.0,46.7,211.7
2020-09-25,19.3,13.5,16.4,0.0,71.7,189.9
2020-09-26,17.9,12.4,15.2,0.0,45.4,186.2
2020-09-27,16.5,9.6,13.0,0.0,53.3,145.3
2020-09-28,21.2,11.5,16.4,0.0,50.0,186.5
2020-09-29,19.6,8.7,14.1,0.0,42.5,176.9
2020-09-30,16.7,5.8,11.3,6.2,80.9,173.3
2020-10-01,16.5,7.2,11.9,0.0,78.1,198.7
2020-10-02,18.2,12.0,15.1,0.0,86.7,203.4
2020-10-03,22.1,8.2,15.1,5.1,81.0,188.0
2020-10-04,18.0,8.1,13.1,0.0,71.2,208.3
2020-10-05,15.4,7.8,11.6,0.0,62.3,193.2
2020-10-06,17.7,12.0,14.9,0.0,65.0,164.5
2020-10-07,17.5,11.3,14.4,0.0,56.6,157.0
2020-10-08,12.5,12.3,12.4,0.0,62.0,177.7
2020-10-09,17.6,7.4,12.5,19.1,85.4,183.0
2020-10-10,17.1,8.1,12.6,0.0,54.2,205.2
2020-10-11,18.8,4.4,11.6,0.0,59.2,196.5
2020-10-12,20.9,10.2,15.5,0.0,59.4,142.1
2020-10-13,19.3,4.7,12.0,0.0,68.3,152.8
2020-10-14,16.4,7.3,11.8,0.0,49.3,173.5
2020-10-15,14.5,4.5,9.5,3.6,79.5,183.0
2020-10-16,21.7,5.4,13.6,0.0,79.1,176.7
2020-10-17,16.5,4.7,10.6,0.0,71.6,144.2
2020-10-18,16.3,5.0,10.7,0.0,73.5,106.1
2020-10-19,16.0,5.0,10.5,8.0,80.2,111.3
2020-10-20,16.3,4.8,10.6,0.0,63.2,147.1
2020-10-21,15.5,7.4,11.5,0.0,70.0,146.8
2020-10-22,14.5,3.4,8.9,0.0,75.6,101.3
2020-10-23,14.4,5.9,10.1,0.0,40.5,133.3
2020-10-24,15.2,7.7,11.5,0.0,46.8,148.6
2020-10-25,14.1,4.1,9.1,0.0,73.1,92.8
2020-10-26,13.6,3.6,8.6,0.0,57.2,158.3
2020-10-27,15.1,4.4,9.7,0.0,53.3,111.6
2020-10-28,14.2,7.1,10.6,0.0,47.5,158.4
2020-10-29,17.6,5.0,11.3,0.0,54.4,102.5
2020-10-30,9.1,3.4,6.2,0.0,46.0,85.6
2020-10-31,16.5,5.2,10.9,0.0,80.9,100.5
2020-11-01,16.6,1.9,9.3,0.0,59.8,109.3
2020-11-02,9.9,5.4,7.6,0.0,59.4,98.4
2020-11-03,13.2,4.7,8.9,0.0,65.9,101.5
2020-11-04,13.0,3.1,8.1,0.0,69.6,116.0
2020-11-05,10.8,1.9,6.4,4.9,89.5,98.8
2020-11-06,11.9,1.7,6.8,0.0,70.7,100.0
2020-11-07,11.1,4.4,7.8,0.0,53.7,50.0
2020-11-08,16.7,5.7,11.2,0.0,57.0,109.9
2020-11-09,15.0,1.8,8.4,0.0,67.7,93.6
2020-11-10,15.5,3.9,9.7,0.0,54.7,142.7
2020-11-11,14.3,-1.3,6.5,12.9,79.9,64.4
2020-11-12,10.5,1.6,6.0,0.0,64.0,50.0
2020-11-13,11.6,2.5,7.0,0.0,67.9,107.6
2020-11-14,13.5,0.7,7.1,0.0,42.2,97.7
2020-11-15,9.9,0.5,5.2,0.0,67.1,55.4
2020-11-16,13.7,0.9,7.3,0.0,57.7,50.0
2020-11-17,11.7,2.7,7.2,0.0,67.1,128.5
2020-11-18,11.3,1.7,6.5,0.0,67.8,123.2
2020-11-19,13.4,-2.5,5.4,0.0,76.1,50.0
2020-11-20,12.7,-2.4,5.2,0.0,73.5,64.0
2020-11-21,11.0,0.5,5.8,0.0,73.5,126.2
2020-11-22,14.0,2.6,8.3,0.0,74.4,60.5
2020-11-23,9.4,-3.9,2.7,0.0,62.9,58.7
2020-11-24,12.7,0.5,6.6,0.0,60.3,63.6
2020-11-25,12.6,0.3,6.4,0.0,68.7,50.0
2020-11-26,10.7,4.1,7.4,0.0,67.3,50.0
2020-11-27,11.9,0.4,6.2,0.0,56.9,99.7
2020-11-28,8.6,1.9,5.3,0.0,64.0,50.0
2020-11-29,12.9,1.3,7.1,0.0,59.6,73.2
2020-11-30,10.6,-3.3,3.7,0.0,51.5,91.2
2020-12-01,9.9,2.4,6.1,0.0,72.9,50.0
2020-12-02,12.9,1.3,7.1,9.6,80.6,50.0
2020-12-03,9.4,1.8,5.6,0.0,80.5,97.9
2020-12-04,7.9,8.6,8.2,0.0,43.7,76.5
2020-12-05,7.5,-3.5,2.0,0.0,54.4,50.0
2020-12-06,11.8,4.0,7.9,2.1,80.3,94.8
2020-12-07,8.0,-0.1,4.0,0.0,71.4,94.1
2020-12-08,14.0,1.0,7.5,0.0,64.0,65.1
2020-12-09,6.3,0.3,3.3,0.0,63.1,50.0
2020-12-10,13.8,-0.5,6.6,0.4,68.7,50.0
2020-12-11,10.7,-0.8,5.0,0.0,48.4,63.5
2020-12-12,10.1,0.9,5.5,0.0,63.2,50.0
2020-12-13,9.2,-2.8,3.2,0.0,46.4,81.8
2020-12-14,11.0,1.7,6.4,13.7,74.7,50.0
2020-12-15,10.1,-0.7,4.7,2.1,85.0,50.0
2020-12-16,12.4,-2.1,5.1,0.0,50.2,57.6
2020-12-17,10.3,-0.8,4.8,0.0,76.1,50.0
2020-12-18,10.4,2.6,6.5,0.0,72.2,50.0
2020-12-19,9.3,-1.0,4.2,0.0,44.3,50.0
2020-12-20,9.9,0.8,5.4,0.0,50.7,51.4
2020-12-21,10.7,-1.4,4.6,0.0,37.1,50.0
2020-12-22,6.6,1.5,4.1,0.0,52.2,69.9
2020-12-23,7.3,1.4,4.3,3.2,87.7,52.3
2020-12-24,11.5,3.7,7.6,0.0,55.9,50.0
2020-12-25,10.3,-0.3,5.0,0.0,64.6,85.3
2020-12-26,9.6,1.3,5.5,0.0,44.8,50.0
2020-12-27,10.0,0.2,5.1,7.3,88.0,66.1
2020-12-28,10.7,2.6,6.7,8.4,74.4,50.0
2020-12-29,8.9,-1.4,3.8,0.0,60.1,50.0
2020-12-30,8.5,1.5,5.0,0.0,59.1,50.0
2020-12-31,10.4,-0.4,5.0,0.0,47.3,74.0
2021-01-01,8.1,-0.1,4.0,0.0,48.5,50.0
2021-01-02,10.9,0.2,5.6,0.0,69.7,50.4
2021-01-03,6.7,0.6,3.6,0.0,64.0,50.0
2021-01-04,12.2,-0.1,6.0,6.3,90.5,50.0
2021-01-05,11.1,0.6,5.8,6.3,83.2,50.0
2021-01-06,10.7,3.3,7.0,0.0,61.4,63.8
2021-01-07,12.1,2.2,7.2,0.0,42.7,50.0
2021-01-08,13.5,2.0,7.8,0.0,57.3,93.1
2021-01-09,12.3,-0.7,5.8,7.0,79.7,50.0
2021-01-10,6.6,-1.5,2.6,0.0,79.5,50.0
2021-01-11,7.8,2.2,5.0,0.0,66.9,105.4
2021-01-12,9.1,2.1,5.6,0.0,75.4,50.0
2021-01-13,10.5,3.4,6.9,0.0,66.0,50.0
2021-01-14,11.5,-0.7,5.4,0.0,52.9,63.8
2021-01-15,9.1,0.1,4.6,0.4,81.2,50.0
2021-01-16,11.0,-2.7,4.1,0.0,62.4,50.0
2021-01-17,9.1,-0.1,4.5,0.0,50.6,50.0
2021-01-18,9.5,2.7,6.1,0.0,56.2,143.8
2021-01-19,8.0,-0.2,3.9,0.0,57.9,54.2
2021-01-20,9.0,2.1,5.6,0.0,76.1,50.0
2021-01-21,8.2,0.5,4.4,0.0,39.2,108.6
2021-01-22,9.0,1.6,5.3,2.8,92.1,83.2
2021-01-23,13.2,-1.2,6.0,0.0,50.6,50.0
2021-01-24,9.2,1.3,5.3,0.0,46.3,50.0
2021-01-25,16.5,-4.8,5.9,0.0,71.8,88.6
2021-01-26,12.3,0.9,6.6,0.0,67.3,62.3
2021-01-27,11.8,-1.9,5.0,0.0,72.5,50.0
2021-01-28,9.8,3.9,6.8,0.0,68.0,126.0
2021-01-29,13.0,3.1,8.1,5.3,100.0,60.7
2021-01-30,10.5,2.6,6.6,0.0,65.6,120.0
2021-01-31,12.0,4.8,8.4,0.0,58.4,114.9
2021-02-01,17.0,-0.0,8.5,0.0,63.4,50.0
2021-02-02,11.8,5.5,8.6,0.0,72.4,110.6
2021-02-03,14.4,3.9,9.2,0.0,52.2,61.6
2021-02-04,10.8,1.7,6.2,0.0,53.5,50.0
2021-02-05,12.2,4.6,8.4,0.0,56.9,71.6
2021-02-06,15.9,0.2,8.1,0.0,39.0,98.0
2021-02-07,11.3,0.9,6.1,0.0,61.4,73.8
2021-02-08,16.3,1.4,8.8,0.0,41.1,80.2
2021-02-09,14.2,1.7,7.9,20.7,80.5,125.5
2021-02-10,11.7,0.8,6.2,21.9,88.7,96.2
2021-02-11,14.3,5.4,9.8,0.0,55.2,69.5
2021-02-12,15.1,2.6,8.8,0.0,76.8,117.7
2021-02-13,14.5,3.9,9.2,0.0,45.4,104.5
2021-02-14,10.2,2.2,6.2,0.0,71.9,50.0
2021-02-15,12.0,-0.1,5.9,4.3,86.8,115.3
2021-02-16,13.1,4.2,8.6,0.0,42.8,116.2
2021-02-17,13.6,-0.1,6.8,0.0,87.1,107.0
2021-02-18,15.1,3.8,9.4,5.5,79.4,135.2
2021-02-19,14.4,1.3,7.8,0.0,51.2,90.3
2021-02-20,11.5,8.1,9.8,0.0,45.9,122.7
2021-02-21,15.1,6.1,10.6,0.0,57.8,67.7
2021-02-22,15.7,4.7,10.2,0.0,58.7,129.1
2021-02-23,15.7,7.1,11.4,0.0,61.0,177.6
2021-02-24,16.9,3.1,10.0,0.0,57.0,91.3
2021-02-25,16.6,6.0,11.3,3.0,86.3,100.6
2021-02-26,16.0,5.4,10.7,0.0,56.1,104.3
2021-02-27,15.1,5.7,10.4,29.5,60.7,131.8
2021-02-28,12.0,7.9,10.0,0.0,58.5,98.3
2021-03-01,16.4,7.0,11.7,0.0,36.3,145.1
2021-03-02,16.1,6.2,11.1,0.0,63.5,160.2
2021-03-03,16.3,2.5,9.4,0.0,50.2,153.1
2021-03-04,13.4,4.0,8.7,0.0,61.6,86.4
2021-03-05,14.0,5.9,9.9,0.0,73.1,171.7
2021-03-06,18.4,6.5,12.4,0.0,50.5,172.3
2021-03-07,16.4,4.2,10.3,0.0,70.6,171.5
2021-03-08,18.0,11.4,14.7,0.0,55.7,160.2
2021-03-09,16.8,9.8,13.3,0.0,77.5,158.1
2021-03-10,17.0,8.1,12.6,1.3,76.3,184.9
2021-03-11,19.0,7.2,13.1,0.0,51.6,214.1
2021-03-12,16.2,6.8,11.5,0.0,66.9,130.3
2021-03-13,17.6,5.5,11.6,12.8,75.6,193.7
2021-03-14,16.7,7.7,12.2,9.0,71.6,161.3
2021-03-15,16.9,8.3,12.6,0.0,55.2,162.5
2021-03-16,17.3,5.4,11.4,0.0,59.6,122.8
2021-03-17,18.5,8.8,13.7,0.0,73.4,162.9
2021-03-18,17.3,8.0,12.6,8.0,60.7,144.0
2021-03-19,20.9,4.6,12.8,0.0,60.2,162.6
2021-03-20,16.8,6.9,11.8,0.0,66.2,146.1
2021-03-21,18.4,7.9,13.2,0.0,61.9,168.1
2021-03-22,18.1,12.7,15.4,0.0,73.1,172.0
2021-03-23,22.0,10.2,16.1,0.0,59.3,189.7
2021-03-24,19.7,6.6,13.1,0.0,58.2,140.9
2021-03-25,21.5,10.4,16.0,0.0,65.9,148.5
2021-03-26,16.7,6.5,11.6,0.0,61.0,205.3
2021-03-27,20.3,12.0,16.2,4.3,76.1,173.1
2021-03-28,21.8,9.0,15.4,0.0,65.2,231.9
2021-03-29,20.3,10.0,15.1,0.0,53.5,209.0
2021-03-30,22.5,13.0,17.7,0.0,53.9,223.0
2021-03-31,19.5,7.9,13.7,0.0,54.7,249.7
2021-04-01,23.5,7.9,15.7,0.0,73.5,200.7
2021-04-02,25.4,9.7,17.6,7.7,47.8,195.3
2021-04-03,20.3,13.1,16.7,27.2,84.0,241.3
2021-04-04,20.3,8.1,14.2,0.0,60.3,233.0
2021-04-05,24.3,5.7,15.0,0.0,43.2,214.6
2021-04-06,24.7,10.6,17.6,0.0,63.1,264.5
2021-04-07,20.6,12.8,16.7,0.0,64.8,219.0
2021-04-08,21.0,14.3,17.6,0.0,65.9,228.9
2021-04-09,21.5,11.1,16.3,0.0,33.5,231.1
2021-04-10,19.5,11.4,15.4,0.0,73.7,204.9
2021-04-11,20.5,14.7,17.6,0.0,52.6,237.8
2021-04-12,20.5,8.8,14.7,0.0,66.9,279.9
2021-04-13,21.2,11.9,16.5,0.0,67.4,253.8
2021-04-14,22.8,13.2,18.0,0.0,51.2,243.9
2021-04-15,23.5,13.9,18.7,0.0,66.6,240.5
2021-04-16,26.3,12.2,19.2,0.0,56.1,257.8
2021-04-17,21.4,13.4,17.4,0.0,39.3,272.8
2021-04-18,25.5,8.5,17.0,2.2,91.7,271.0
2021-04-19,23.2,12.4,17.8,0.0,52.2,245.2
2021-04-20,23.7,14.7,19.2,0.0,51.5,267.3
2021-04-21,25.3,12.0,18.7,0.0,56.0,274.3
2021-04-22,21.9,14.3,18.1,0.0,62.7,232.0
2021-04-23,25.1,15.2,20.1,0.0,59.4,269.6
2021-04-24,24.8,13.8,19.3,0.0,65.5,202.1
2021-04-25,25.6,15.0,20.3,0.0,46.6,283.7
2021-04-26,25.3,12.8,19.1,0.0,52.6,291.3
2021-04-27,29.8,14.5,22.2,0.0,58.8,296.2
2021-04-28,23.8,16.3,20.0,0.0,79.0,264.1
2021-04-29,24.2,15.5,19.8,0.0,58.9,287.5
2021-04-30,24.1,14.2,19.2,0.0,70.9,323.1
2021-05-01,24.4,16.0,20.2,2.5,80.4,325.0
2021-05-02,24.4,17.1,20.7,0.0,55.2,283.8
2021-05-03,28.2,11.7,19.9,0.0,57.5,291.0
2021-05-04,28.8,18.2,23.5,0.0,58.3,322.3
2021-05-05,24.9,15.4,20.2,0.0,66.0,246.0
2021-05-06,24.5,17.1,20.8,0.9,93.7,283.3
2021-05-07,27.3,18.7,23.0,0.0,63.6,335.1
2021-05-08,25.4,13.7,19.5,0.0,71.9,326.3
2021-05-09,27.9,15.2,21.5,0.0,50.4,310.1
2021-05-10,27.1,16.1,21.6,0.0,55.9,255.7
2021-05-11,23.8,15.3,19.6,0.0,52.8,301.3
2021-05-12,30.1,20.4,25.3,0.0,63.1,287.0
2021-05-13,30.7,15.4,23.0,0.0,56.4,316.4
2021-05-14,26.0,16.1,21.1,0.0,67.3,284.0
2021-05-15,26.6,17.7,22.2,0.0,50.7,279.3
2021-05-16,28.0,15.0,21.5,0.0,60.4,249.9
2021-05-17,28.2,16.8,22.5,0.0,66.9,350.2
2021-05-18,29.0,18.3,23.7,0.0,39.3,303.2
2021-05-19,31.8,17.1,24.5,0.0,81.2,321.5
2021-05-20,27.5,17.7,22.6,0.0,57.2,318.4
2021-05-21,26.4,16.9,21.7,0.0,39.7,288.0
2021-05-22,25.3,15.1,20.2,0.0,61.6,283.8
2021-05-23,26.7,18.8,22.8,0.0,60.3,292.9
2021-05-24,28.2,21.8,25.0,0.0,59.2,302.8
2021-05-25,32.0,18.4,25.2,0.0,69.9,336.9
2021-05-26,27.5,18.9,23.2,0.0,67.5,303.4
2021-05-27,29.0,20.0,24.5,0.0,63.0,381.0
2021-05-28,28.6,16.1,22.4,18.0,84.5,360.8
2021-05-29,31.1,22.2,26.6,0.0,59.0,355.5
2021-05-30,33.9,19.2,26.6,0.0,77.8,328.9
2021-05-31,27.8,22.2,25.0,0.0,45.2,379.1
2021-06-01,28.0,17.5,22.8,0.0,61.4,328.2
2021-06-02,31.1,22.7,26.9,0.0,60.7,335.0
2021-06-03,30.5,20.7,25.6,0.8,88.1,342.1
2021-06-04,32.9,20.3,26.6,0.0,51.6,359.1
2021-06-05,30.4,19.7,25.1,0.0,42.6,358.1
2021-06-06,28.6,18.8,23.7,0.0,61.6,325.7
2021-06-07,30.6,21.8,26.2,0.0,62.8,324.9
2021-06-08,31.7,19.7,25.7,0.0,74.9,360.9
2021-06-09,31.1,15.6,23.4,0.0,47.3,364.0
2021-06-10,30.6,17.3,23.9,0.0,71.5,331.5
2021-06-11,31.7,19.2,25.5,0.0,83.7,296.5
2021-06-12,32.0,20.3,26.1,0.0,56.2,338.5
2021-06-13,32.5,19.6,26.0,0.0,47.1,364.1
2021-06-14,31.0,22.2,26.6,0.0,55.9,400.0
2021-06-15,29.4,15.9,22.7,0.0,60.1,310.7
2021-06-16,30.1,20.1,25.1,0.0,65.6,334.3
2021-06-17,32.3,16.2,24.2,0.0,54.1,335.9
2021-06-18,28.2,21.4,24.8,0.0,75.6,388.7
2021-06-19,30.6,19.7,25.2,0.0,48.9,347.4
2021-06-20,29.1,20.8,24.9,0.0,42.6,321.6
2021-06-21,30.0,18.2,24.1,0.0,71.1,365.9
2021-06-22,32.5,22.5,27.5,14.3,57.3,337.2
2021-06-23,30.4,22.1,26.2,0.0,58.0,312.8
2021-06-24,30.1,21.2,25.6,0.0,91.2,323.0
2021-06-25,27.3,19.7,23.5,0.0,59.9,400.0
2021-06-26,31.5,21.2,26.3,0.0,48.8,361.5
2021-06-27,31.3,18.6,24.9,0.0,59.4,353.2
2021-06-28,34.3,21.7,28.0,0.0,59.5,342.5
2021-06-29,29.4,23.3,26.3,0.0,61.6,358.7
2021-06-30,30.4,22.1,26.3,0.0,66.6,358.3
2021-07-01,30.5,18.5,24.5,0.0,49.6,358.5
2021-07-02,33.1,20.7,26.9,0.0,76.9,353.0
2021-07-03,29.8,17.4,23.6,0.0,62.5,375.4
2021-07-04,30.5,21.1,25.8,0.0,67.3,349.7
2021-07-05,31.1,20.8,26.0,0.0,53.7,319.4
2021-07-06,30.3,16.2,23.2,0.0,72.9,330.0
2021-07-07,29.0,17.5,23.3,0.0,57.4,288.6
2021-07-08,30.2,19.3,24.7,0.0,62.8,400.0
2021-07-09,31.9,19.2,25.6,0.8,70.7,372.9
2021-07-10,27.7,17.3,22.5,0.0,50.0,321.6
2021-07-11,30.0,20.5,25.2,0.0,66.9,337.4
2021-07-12,28.3,20.2,24.2,0.0,55.6,326.2
2021-07-13,32.0,19.3,25.6,0.0,51.5,390.9
2021-07-14,26.5,18.1,22.3,0.0,53.6,301.3
2021-07-15,28.4,21.6,25.0,0.0,67.0,346.6
2021-07-16,30.2,22.8,26.5,0.0,53.7,339.1
2021-07-17,32.6,18.5,25.5,0.0,58.8,366.3
2021-07-18,29.2,18.2,23.7,0.0,60.2,337.5
2021-07-19,28.2,20.3,24.3,0.0,40.8,287.0
2021-07-20,33.0,18.5,25.8,0.0,45.3,331.2
2021-07-21,26.3,18.9,22.6,0.0,63.4,308.6
2021-07-22,24.7,20.6,22.7,0.0,52.6,339.1
2021-07-23,29.9,15.2,22.6,0.0,70.6,378.7
2021-07-24,28.0,21.6,24.8,2.1,89.7,282.4
2021-07-25,26.8,19.0,22.9,0.0,67.2,309.4
2021-07-26,30.2,18.0,24.1,0.0,78.2,315.6
2021-07-27,29.2,18.6,23.9,0.0,59.2,319.5
2021-07-28,27.5,18.6,23.0,0.0,66.5,351.9
2021-07-29,26.0,15.1,20.5,0.0,54.2,323.1
2021-07-30,30.2,21.5,25.8,0.0,84.5,339.5
2021-07-31,29.7,18.5,24.1,0.0,79.8,306.8
2021-08-01,28.1,19.2,23.6,0.0,60.1,331.1
2021-08-02,31.9,20.1,26.0,0.0,63.9,346.0
2021-08-03,25.9,16.0,21.0,0.0,73.6,299.2
2021-08-04,24.9,18.9,21.9,0.0,58.5,343.1
2021-08-05,26.5,17.3,21.9,0.0,53.4,319.6
2021-08-06,27.7,19.5,23.6,0.0,68.7,347.8
2021-08-07,28.1,13.4,20.8,0.0,60.8,308.8
2021-08-08,27.1,17.3,22.2,0.0,61.8,324.6
2021-08-09,28.1,16.2,22.2,0.0,51.7,310.2
2021-08-10,24.8,18.2,21.5,0.0,42.8,306.8
2021-08-11,30.1,18.1,24.1,0.0,62.4,315.7
2021-08-12,26.9,15.7,21.3,0.0,69.0,322.2
2021-08-13,29.2,15.5,22.4,0.0,57.7,266.8
2021-08-14,27.5,16.6,22.1,0.0,74.4,345.4
2021-08-15,27.6,14.9,21.3,0.0,53.0,244.7
2021-08-16,27.7,18.3,23.0,0.0,49.5,278.0
2021-08-17,27.3,15.7,21.5,0.0,59.3,293.8
2021-08-18,27.6,10.5,19.0,1.1,79.2,307.0
2021-08-19,28.8,15.4,22.1,0.0,67.7,339.9
2021-08-20,26.4,14.0,20.2,0.0,52.3,234.8
2021-08-21,27.3,12.6,20.0,0.0,73.7,273.2
2021-08-22,25.6,13.3,19.4,0.0,79.7,222.6
2021-08-23,28.5,15.8,22.2,0.0,59.6,285.2
2021-08-24,24.1,18.1,21.1,0.0,72.5,290.2
2021-08-25,28.9,16.0,22.4,0.0,49.4,327.6
2021-08-26,25.1,14.0,19.5,0.0,70.8,281.3
2021-08-27,22.2,15.9,19.1,0.0,70.5,306.8
2021-08-28,25.1,14.0,19.6,0.0,68.6,290.8
2021-08-29,23.4,13.3,18.4,0.0,59.8,257.9
2021-08-30,26.3,12.3,19.3,0.0,30.5,226.4
2021-08-31,23.1,10.9,17.0,0.0,53.6,274.6
2021-09-01,23.4,13.5,18.4,0.0,53.7,219.3
2021-09-02,20.3,14.4,17.4,0.0,50.2,300.6
2021-09-03,23.1,13.8,18.4,0.0,61.2,254.5
2021-09-04,19.0,13.0,16.0,0.0,55.8,292.8
2021-09-05,20.5,11.7,16.1,0.0,51.8,240.2
2021-09-06,25.0,14.7,19.8,0.0,49.4,260.2
2021-09-07,24.9,10.7,17.8,0.0,52.8,256.0
2021-09-08,24.0,14.7,19.4,0.0,71.2,246.0
2021-09-09,21.1,11.0,16.0,0.0,53.4,231.9
2021-09-10,22.7,11.3,17.0,0.0,54.9,254.1
2021-09-11,22.7,9.7,16.2,0.0,55.4,212.1
2021-09-12,20.2,11.5,15.8,0.0,63.4,201.1
2021-09-13,25.3,14.3,19.8,0.0,64.6,272.2
2021-09-14,23.9,13.2,18.6,0.0,30.0,254.2
2021-09-15,21.5,13.9,17.7,0.0,70.2,231.8
2021-09-16,21.9,12.9,17.4,0.0,74.4,277.3
2021-09-17,22.1,9.4,15.8,0.0,49.5,216.7
2021-09-18,17.4,10.8,14.1,0.0,50.3,261.9
2021-09-19,20.8,9.8,15.3,0.0,55.5,224.9
2021-09-20,19.8,13.8,16.8,0.0,52.4,186.4
2021-09-21,19.0,8.6,13.8,0.0,62.2,270.0
2021-09-22,20.2,12.6,16.4,0.0,40.5,241.7
2021-09-23,24.2,12.4,18.3,0.0,48.8,205.8
2021-09-24,21.7,14.1,17.9,0.0,75.4,228.6
2021-09-25,19.1,9.5,14.3,0.0,50.7,192.1
2021-09-26,21.3,11.5,16.4,0.0,72.4,226.5
2021-09-27,22.7,14.5,18.6,0.0,63.6,127.3
2021-09-28,21.6,8.5,15.1,0.0,41.9,165.9
2021-09-29,19.7,6.5,13.1,0.0,66.4,223.3
2021-09-30,18.1,5.7,11.9,0.0,58.8,183.8
2021-10-01,20.6,10.7,15.7,0.0,55.4,195.0
2021-10-02,19.9,5.3,12.6,0.0,62.4,145.8
2021-10-03,20.7,8.2,14.4,0.0,64.7,239.0
2021-10-04,20.0,9.6,14.8,0.0,67.1,216.8
2021-10-05,20.7,8.9,14.8,0.0,71.8,172.5
2021-10-06,17.3,9.2,13.3,0.0,64.1,163.8
2021-10-07,20.9,8.7,14.8,0.0,46.2,204.3
2021-10-08,18.5,10.6,14.5,0.0,55.3,230.3
2021-10-09,22.0,6.0,14.0,0.0,89.4,196.9
2021-10-10,16.3,6.4,11.4,0.0,67.2,231.0
2021-10-11,21.0,6.0,13.5,0.0,83.7,135.6
2021-10-12,17.8,9.0,13.4,0.0,74.0,136.2
2021-10-13,15.9,9.0,12.5,0.0,62.4,122.6
2021-10-14,16.1,8.0,12.0,0.0,63.0,169.1
2021-10-15,16.3,9.3,12.8,0.0,59.6,158.6
2021-10-16,17.6,4.4,11.0,1.4,62.6,146.4
2021-10-17,17.6,9.9,13.8,0.0,60.2,172.8
2021-10-18,15.3,9.5,12.4,0.0,72.1,183.0
2021-10-19,16.2,7.7,12.0,0.0,54.0,97.9
2021-10-20,20.4,9.6,15.0,0.0,64.1,123.4
2021-10-21,19.4,2.6,11.0,0.0,68.5,163.5
2021-10-22,16.6,4.7,10.7,0.0,50.9,122.5
2021-10-23,15.7,4.1,9.9,0.0,55.5,110.3
2021-10-24,15.7,6.9,11.3,0.0,49.8,162.5
2021-10-25,16.5,3.2,9.9,0.0,51.8,91.0
2021-10-26,13.1,6.7,9.9,0.0,47.1,118.3
2021-10-27,14.5,7.7,11.1,4.7,71.0,135.0
2021-10-28,11.5,6.3,8.9,0.0,74.2,105.7
2021-10-29,15.5,5.3,10.4,0.0,50.8,144.2
2021-10-30,15.9,2.6,9.2,15.6,81.3,101.4
2021-10-31,13.5,2.7,8.1,0.0,55.0,158.6
2021-11-01,17.4,6.8,12.1,0.0,71.8,110.5
2021-11-02,11.7,5.7,8.7,0.0,73.1,132.3
2021-11-03,11.1,3.9,7.5,0.0,68.6,132.4
2021-11-04,14.3,3.0,8.7,0.0,63.1,89.2
2021-11-05,15.8,-0.3,7.8,0.0,57.7,50.0
2021-11-06,17.0,1.5,9.2,0.0,48.1,114.8
2021-11-07,12.5,7.3,9.9,0.0,79.4,104.2
2021-11-08,15.5,0.8,8.1,0.0,52.4,116.7
2021-11-09,13.1,3.6,8.4,0.0,66.6,91.3
2021-11-10,12.7,5.1,8.9,0.0,70.6,83.4
2021-11-11,14.7,0.5,7.6,0.0,54.4,154.7
2021-11-12,14.1,3.2,8.7,0.0,70.4,50.0
2021-11-13,9.6,4.6,7.1,0.0,67.6,112.8
2021-11-14,15.6,2.6,9.1,0.0,77.3,71.8
2021-11-15,15.2,8.2,11.7,0.0,55.3,77.3
2021-11-16,11.1,-1.0,5.1,0.0,47.1,76.1
2021-11-17,13.1,4.4,8.7,0.0,54.9,59.9
2021-11-18,13.1,1.8,7.5,0.0,62.1,99.5
2021-11-19,12.6,3.6,8.1,2.6,80.6,122.5
2021-11-20,10.8,2.8,6.8,0.0,56.1,93.3
2021-11-21,10.5,0.4,5.4,0.0,40.9,80.8
2021-11-22,11.7,2.2,7.0,0.0,64.7,50.0
2021-11-23,14.0,-2.1,6.0,0.0,79.7,90.3
2021-11-24,12.6,2.8,7.7,5.8,84.6,138.1
2021-11-25,10.7,2.1,6.4,0.0,66.1,60.6
2021-11-26,12.9,2.7,7.8,0.0,65.7,59.4
2021-11-27,5.6,3.4,4.5,0.0,64.0,52.6
2021-11-28,13.5,1.9,7.7,17.6,89.3,53.5
2021-11-29,7.7,1.4,4.5,0.0,64.0,50.0
2021-11-30,10.3,-0.7,4.8,0.0,56.9,77.9
2021-12-01,8.7,-0.4,4.1,4.1,72.0,50.0
2021-12-02,8.3,3.3,5.8,32.6,77.5,50.0
2021-12-03,13.2,3.7,8.4,0.0,63.1,85.1
2021-12-04,9.8,0.3,5.1,0.0,56.8,50.0
2021-12-05,11.4,0.8,6.1,27.1,83.1,50.4
2021-12-06,10.5,-1.2,4.7,0.0,64.4,103.6
2021-12-07,11.5,2.9,7.2,8.3,88.3,50.0
2021-12-08,10.7,1.9,6.3,0.0,72.8,50.0
2021-12-09,7.9,4.4,6.1,2.7,80.8,65.1
2021-12-10,12.4,-1.3,5.5,0.0,46.9,90.8
2021-12-11,9.4,-0.4,4.5,1.2,76.5,50.0
2021-12-12,7.2,0.8,4.0,0.0,60.4,67.1
2021-12-13,9.4,1.6,5.5,0.0,41.6,71.7
2021-12-14,13.2,-0.2,6.5,0.0,73.9,50.0
2021-12-15,11.9,-1.5,5.2,0.0,61.4,77.1
2021-12-16,9.5,1.9,5.7,0.0,63.8,78.9
2021-12-17,9.4,1.6,5.5,49.4,93.7,50.0
2021-12-18,9.5,-1.7,3.9,0.0,53.7,89.3
2021-12-19,14.2,2.8,8.5,0.0,65.7,85.5
2021-12-20,10.8,2.4,6.6,0.0,58.9,54.1
2021-12-21,10.9,0.3,5.6,0.0,58.2,50.0
2021-12-22,12.1,0.2,6.1,0.0,72.3,50.0
2021-12-23,10.5,1.1,5.8,0.0,76.7,50.0
2021-12-24,9.5,-1.7,3.9,0.0,56.2,67.3
2021-12-25,9.6,0.1,4.8,0.0,67.0,50.0
2021-12-26,9.9,-4.3,2.8,0.0,41.2,50.0
2021-12-27,9.9,1.8,5.8,0.0,71.8,88.1
2021-12-28,11.5,-3.1,4.2,0.0,70.5,55.7
2021-12-29,10.1,3.0,6.6,1.8,81.0,50.0
2021-12-30,11.5,-0.6,5.4,0.0,57.7,75.9
2021-12-31,9.9,-0.4,4.7,0.0,64.0,96.1
2022-01-01,10.2,-1.2,4.5,0.0,82.9,50.0
2022-01-02,6.1,-0.5,2.8,0.0,42.4,63.9
2022-01-03,11.9,2.9,7.4,21.3,87.8,50.0
2022-01-04,10.8,-4.9,3.0,0.0,50.9,66.4
2022-01-05,12.1,2.7,7.4,20.4,79.8,55.7
2022-01-06,4.4,0.8,2.6,0.0,57.5,71.3
2022-01-07,14.4,-2.2,6.1,5.6,75.7,50.0
2022-01-08,9.9,-1.9,4.0,0.0,59.9,50.0
2022-01-09,12.5,3.6,8.0,0.0,48.7,50.0
2022-01-10,8.2,-1.6,3.3,0.0,70.3,66.6
2022-01-11,11.6,-2.0,4.8,0.0,42.1,85.5
2022-01-12,8.3,2.7,5.5,4.4,85.4,50.0
2022-01-13,9.2,1.1,5.1,0.0,56.7,87.3
2022-01-14,14.3,-1.4,6.5,0.0,48.3,50.0
2022-01-15,10.2,1.0,5.6,0.0,62.0,68.9
2022-01-16,11.0,-1.5,4.8,0.0,44.4,50.0
2022-01-17,12.4,2.9,7.6,0.0,60.4,65.3
2022-01-18,11.7,2.8,7.3,0.0,45.8,87.5
2022-01-19,11.1,1.8,6.5,0.0,64.6,50.0
2022-01-20,11.6,1.6,6.6,0.0,50.8,50.0
2022-01-21,15.7,4.4,10.1,0.0,55.5,69.3
2022-01-22,10.9,1.0,5.9,0.0,62.9,136.9
2022-01-23,11.5,-1.3,5.1,0.0,52.3,50.0
2022-01-24,13.2,2.0,7.6,0.0,59.4,128.4
2022-01-25,13.4,5.4,9.4,0.0,44.9,128.6
2022-01-26,13.7,-0.7,6.5,0.0,66.3,66.8
2022-01-27,12.7,0.7,6.7,0.0,77.6,62.1
2022-01-28,9.2,2.3,5.8,0.0,87.9,51.6
2022-01-29,14.8,1.5,8.2,0.0,60.9,71.7
2022-01-30,9.4,-0.3,4.5,7.5,87.9,50.0
2022-01-31,12.4,4.0,8.2,1.2,62.2,74.3
2022-02-01,10.4,6.5,8.4,6.2,95.0,123.0
2022-02-02,11.8,2.4,7.1,0.0,67.8,61.3
2022-02-03,12.7,0.3,6.5,0.0,55.2,73.9
2022-02-04,12.8,-0.9,6.0,0.0,72.4,50.0
2022-02-05,13.1,2.8,8.0,0.0,57.5,95.6
2022-02-06,15.6,4.6,10.1,0.0,55.4,94.0
2022-02-07,13.4,3.5,8.4,0.0,64.8,89.6
2022-02-08,12.1,2.6,7.4,0.0,49.4,82.9
2022-02-09,14.7,1.6,8.1,0.1,90.2,82.4
2022-02-10,15.2,0.7,8.0,0.0,49.4,108.1
2022-02-11,10.5,4.7,7.6,0.0,49.5,94.0
2022-02-12,14.3,4.9,9.6,2.7,70.9,106.1
2022-02-13,14.6,0.1,7.4,0.0,67.6,105.0
2022-02-14,12.8,6.5,9.7,0.0,53.8,134.2
2022-02-15,16.2,4.6,10.4,0.0,46.5,122.7
2022-02-16,13.3,6.4,9.9,0.0,53.9,110.2
2022-02-17,14.0,1.1,7.5,0.0,59.7,152.0
2022-02-18,13.6,1.2,7.4,0.0,48.2,121.1
2022-02-19,14.1,3.7,8.9,0.0,48.5,149.7
2022-02-20,12.0,5.2,8.6,0.0,81.1,130.8
2022-02-21,11.4,7.9,9.7,0.0,51.4,59.4
2022-02-22,17.6,5.9,11.8,0.0,56.8,156.0
2022-02-23,12.9,4.1,8.5,0.0,56.3,123.1
2022-02-24,12.8,2.7,7.7,0.0,55.8,119.6
2022-02-25,10.6,7.4,9.0,0.0,66.2,131.8
2022-02-26,13.8,3.1,8.4,0.0,69.5,115.3
2022-02-27,12.5,8.4,10.5,7.2,76.9,134.7
2022-02-28,18.6,4.8,11.7,0.0,47.6,112.4
2022-03-01,17.5,8.7,13.1,0.0,72.7,170.7
2022-03-02,14.3,7.0,10.6,4.6,79.0,131.4
2022-03-03,20.3,5.5,12.9,0.0,77.3,125.6
2022-03-04,17.9,4.9,11.4,34.4,57.5,111.7
2022-03-05,15.5,5.4,10.5,0.0,62.0,149.9
2022-03-06,11.3,7.1,9.2,0.0,79.2,149.8
2022-03-07,21.0,6.6,13.8,0.9,76.5,158.3
2022-03-08,13.8,5.4,9.6,0.0,57.7,118.2
2022-03-09,13.5,6.4,10.0,0.0,63.0,103.4
2022-03-10,19.0,7.1,13.0,0.0,54.4,172.7
2022-03-11,22.0,2.8,12.4,0.0,56.9,200.9
2022-03-12,20.0,8.2,14.1,0.0,56.6,128.1
2022-03-13,18.6,5.5,12.0,2.6,73.7,209.0
2022-03-14,18.8,5.3,12.0,0.0,72.3,172.4
2022-03-15,19.5,4.4,11.9,0.0,64.6,166.2
2022-03-16,19.4,4.3,11.9,0.0,62.5,157.0
2022-03-17,18.7,5.4,12.0,4.0,88.1,129.9
2022-03-18,18.5,6.8,12.7,0.0,57.4,203.6
2022-03-19,18.3,12.3,15.3,0.0,52.3,153.2
2022-03-20,17.1,7.6,12.3,0.0,54.0,155.7
2022-03-21,18.2,9.1,13.7,0.0,60.0,211.4
2022-03-22,15.6,9.7,12.7,24.0,69.4,127.7
2022-03-23,18.9,9.4,14.1,0.0,55.0,141.0
2022-03-24,17.3,9.1,13.2,7.6,74.8,188.8
2022-03-25,17.3,7.1,12.2,0.0,81.2,200.7
2022-03-26,20.0,12.5,16.3,0.0,32.3,209.0
2022-03-27,22.6,13.4,18.0,0.0,58.2,188.0
2022-03-28,21.8,6.6,14.2,0.0,77.3,275.6
2022-03-29,17.0,8.1,12.6,0.0,61.2,195.4
2022-03-30,18.3,9.8,14.1,0.0,67.5,197.9
2022-03-31,22.4,8.6,15.5,9.7,81.0,183.5
2022-04-01,18.7,11.7,15.2,0.0,53.3,213.7
2022-04-02,20.4,9.4,14.9,0.0,37.6,231.0
2022-04-03,22.1,15.3,18.7,0.0,62.1,251.2
2022-04-04,19.2,13.6,16.4,0.0,52.2,173.0
2022-04-05,21.6,11.8,16.7,0.0,52.0,212.9
2022-04-06,18.9,13.6,16.2,0.0,55.0,236.2
2022-04-07,20.5,13.9,17.2,0.0,77.4,243.0
2022-04-08,22.5,10.7,16.6,0.0,84.0,228.1
2022-04-09,18.8,10.4,14.6,0.0,62.2,246.7
2022-04-10,23.1,12.4,17.7,0.0,55.4,208.7
2022-04-11,22.3,14.1,18.2,0.0,48.2,282.2
2022-04-12,23.6,12.8,18.2,0.0,64.7,267.7
2022-04-13,23.1,9.5,16.3,0.0,77.8,200.1
2022-04-14,25.6,11.3,18.4,0.0,57.5,210.7
2022-04-15,23.3,12.9,18.1,0.0,36.2,214.0
2022-04-16,22.3,13.0,17.7,0.0,66.7,268.2
2022-04-17,23.6,17.3,20.4,0.0,69.9,211.8
2022-04-18,24.6,10.7,17.7,0.0,44.1,242.8
2022-04-19,23.8,14.7,19.2,0.0,61.8,268.8
2022-04-20,23.9,16.8,20.4,0.0,64.5,255.5
2022-04-21,22.6,18.5,20.6,0.0,59.3,267.7
2022-04-22,22.8,13.3,18.1,0.0,52.1,230.3
2022-04-23,21.5,15.3,18.4,0.0,70.2,282.4
2022-04-24,28.0,15.6,21.8,0.0,56.0,248.5
2022-04-25,22.1,15.0,18.6,3.9,65.1,259.5
2022-04-26,23.4,14.6,19.0,0.0,39.5,278.6
2022-04-27,23.5,15.8,19.6,0.0,72.6,276.9
2022-04-28,26.9,10.0,18.4,0.0,66.2,276.7
2022-04-29,24.6,16.6,20.6,10.3,80.9,255.7
2022-04-30,27.9,15.6,21.7,0.0,55.6,271.4
2022-05-01,24.2,15.1,19.6,0.0,54.7,282.6
2022-05-02,26.2,19.7,23.0,0.0,49.2,243.5
2022-05-03,24.1,14.4,19.3,0.0,55.7,273.0
2022-05-04,30.2,15.1,22.7,0.0,38.8,300.6
2022-05-05,23.7,20.0,21.9,0.0,52.6,252.7
2022-05-06,26.8,14.5,20.7,0.0,56.9,327.7
2022-05-07,27.6,15.2,21.4,0.0,66.1,333.1
2022-05-08,27.3,16.2,21.7,0.0,59.6,259.7
2022-05-09,26.2,18.3,22.3,0.0,67.9,339.7
2022-05-10,26.5,17.1,21.8,0.0,73.5,296.6
2022-05-11,26.9,14.3,20.6,0.0,70.6,315.4
2022-05-12,26.7,15.9,21.3,0.0,64.7,289.8
2022-05-13,29.0,15.9,22.5,0.0,60.1,334.2
2022-05-14,31.6,17.1,24.4,0.0,50.2,320.5
2022-05-15,26.2,18.2,22.2,0.0,67.4,285.6
2022-05-16,24.7,18.3,21.5,0.0,76.8,276.9
2022-05-17,27.4,14.0,20.7,2.4,83.4,269.7
2022-05-18,32.8,19.8,26.3,0.0,79.2,320.8
2022-05-19,26.2,18.3,22.2,0.0,44.7,334.0
2022-05-20,31.2,20.7,25.9,5.2,68.5,338.0
2022-05-21,31.4,18.9,25.1,0.0,68.6,316.5
2022-05-22,27.0,20.3,23.6,0.0,62.6,286.8
2022-05-23,29.3,19.1,24.2,0.0,73.1,302.6
2022-05-24,31.6,21.0,26.3,0.0,59.8,359.0
2022-05-25,27.6,19.4,23.5,0.0,51.3,311.4
2022-05-26,28.1,18.3,23.2,0.0,57.9,331.6
2022-05-27,27.4,23.1,25.3,0.0,44.7,296.4
2022-05-28,26.6,20.4,23.5,0.0,48.7,340.0
2022-05-29,27.4,19.9,23.7,0.0,69.7,317.5
2022-05-30,26.4,16.3,21.3,0.0,68.7,363.8
2022-05-31,29.0,16.3,22.7,0.0,63.6,356.8
2022-06-01,27.4,19.6,23.5,0.0,42.8,319.9
2022-06-02,29.5,19.4,24.4,0.0,56.4,332.1
2022-06-03,26.0,17.9,22.0,0.0,47.8,320.4
2022-06-04,29.9,19.5,24.7,0.0,71.8,295.4
2022-06-05,30.9,22.4,26.7,0.0,54.2,313.3
2022-06-06,25.3,20.7,23.0,8.4,69.1,345.9
2022-06-07,30.1,17.1,23.6,0.0,60.3,350.6
2022-06-08,31.9,19.2,25.6,0.0,53.6,346.2
2022-06-09,27.1,17.9,22.5,0.0,74.8,333.5
2022-06-10,32.9,18.8,25.8,0.0,52.7,371.3
2022-06-11,30.4,18.8,24.6,14.0,66.0,346.0
2022-06-12,28.2,18.7,23.5,0.0,38.5,365.9
2022-06-13,29.6,17.2,23.4,0.0,59.7,292.2
2022-06-14,30.9,19.5,25.2,17.1,74.4,228.4
2022-06-15,29.9,18.7,24.3,0.0,45.7,355.1
2022-06-16,30.9,13.9,22.4,0.0,71.9,304.4
2022-06-17,28.0,23.9,26.0,0.0,66.7,341.2
2022-06-18,30.2,22.0,26.1,0.0,59.7,339.0
2022-06-19,27.1,19.1,23.1,0.0,73.6,396.1
2022-06-20,29.7,20.0,24.8,0.0,66.6,360.8
2022-06-21,28.1,17.6,22.9,0.0,51.8,354.1
2022-06-22,28.5,23.3,25.9,0.0,49.6,374.5
2022-06-23,32.4,23.8,28.1,0.0,68.2,360.6
2022-06-24,32.2,20.3,26.2,0.0,64.0,336.0
2022-06-25,31.2,22.0,26.6,0.0,61.7,382.0
2022-06-26,27.8,20.3,24.1,0.0,51.5,316.7
2022-06-27,29.4,17.3,23.3,0.0,66.1,359.7
2022-06-28,32.4,19.2,25.8,0.0,52.4,303.6
2022-06-29,30.3,20.3,25.3,0.0,59.0,356.1
2022-06-30,34.6,19.1,26.9,0.0,74.5,355.6
2022-07-01,30.8,19.5,25.2,0.0,53.4,400.0
2022-07-02,30.4,19.8,25.1,0.0,44.3,302.6
2022-07-03,29.3,19.8,24.6,0.0,49.5,331.3
2022-07-04,30.2,20.0,25.1,0.0,69.9,373.7
2022-07-05,29.6,17.8,23.7,0.0,62.5,358.8
2022-07-06,31.3,18.5,24.9,0.0,58.7,353.8
2022-07-07,31.8,17.3,24.5,0.0,54.9,319.3
2022-07-08,28.3,21.8,25.0,0.0,64.9,329.8
2022-07-09,27.1,15.6,21.4,2.2,71.5,384.4
2022-07-10,26.1,22.1,24.1,0.0,63.1,344.9
2022-07-11,30.7,22.5,26.6,0.0,52.7,357.2
2022-07-12,27.5,19.1,23.3,0.0,51.0,341.8
2022-07-13,25.3,14.4,19.9,0.0,53.6,309.1
2022-07-14,30.4,18.9,24.6,0.0,56.2,371.9
2022-07-15,34.5,19.4,27.0,0.0,59.5,358.3
2022-07-16,29.5,17.5,23.5,0.0,62.4,400.0
2022-07-17,31.1,18.4,24.8,0.0,30.0,311.1
2022-07-18,29.5,22.4,26.0,29.4,71.9,365.3
2022-07-19,29.1,20.6,24.9,0.0,56.1,300.4
2022-07-20,31.1,17.4,24.2,0.0,75.1,343.5
2022-07-21,28.6,16.0,22.3,0.0,49.2,367.1
2022-07-22,29.7,18.5,24.1,0.0,61.6,274.6
2022-07-23,29.7,18.6,24.2,0.0,75.0,329.5
2022-07-24,27.6,20.0,23.8,0.0,46.9,317.6
2022-07-25,30.9,17.8,24.3,0.0,63.9,312.3
2022-07-26,28.5,19.8,24.1,0.0,52.0,343.7
2022-07-27,27.2,22.6,24.9,0.0,55.0,364.5
2022-07-28,29.7,20.3,25.0,2.1,72.0,325.7
2022-07-29,26.8,18.5,22.6,0.0,52.7,334.5
2022-07-30,28.5,18.1,23.3,0.0,87.2,330.4
2022-07-31,28.4,17.7,23.0,0.0,68.4,325.6
2022-08-01,30.4,20.6,25.5,0.0,71.0,291.5
2022-08-02,29.1,16.9,23.0,0.0,64.9,355.9
2022-08-03,28.0,18.2,23.1,2.8,63.9,330.0
2022-08-04,29.6,18.1,23.8,0.0,63.9,331.5
2022-08-05,30.7,16.9,23.8,0.0,70.7,293.9
2022-08-06,28.9,15.0,21.9,0.0,51.5,302.7
2022-08-07,27.7,18.3,23.0,0.0,69.7,309.5
2022-08-08,24.9,17.4,21.2,0.0,67.0,267.1
2022-08-09,25.3,18.4,21.9,0.0,78.5,260.8
2022-08-10,26.7,16.2,21.5,0.0,55.8,291.7
2022-08-11,26.0,19.6,22.8,0.0,49.0,323.6
2022-08-12,26.7,15.3,21.0,0.0,56.4,286.5
2022-08-13,27.1,20.4,23.7,0.0,74.4,273.7
2022-08-14,27.9,13.3,20.6,0.0,41.7,277.9
2022-08-15,26.6,17.6,22.1,0.0,39.3,286.8
2022-08-16,27.5,17.5,22.5,0.0,60.9,287.9
2022-08-17,26.6,14.8,20.7,0.0,55.6,361.5
2022-08-18,22.4,17.2,19.8,0.0,60.1,326.2
2022-08-19,24.3,18.7,21.5,0.0,69.5,323.3
2022-08-20,25.7,11.6,18.7,0.0,54.5,325.6
2022-08-21,23.5,16.9,20.2,41.6,61.3,258.5
2022-08-22,27.0,10.8,18.9,0.0,80.4,249.7
2022-08-23,28.7,13.7,21.2,0.0,50.0,251.0
2022-08-24,27.9,18.7,23.3,0.0,49.4,322.1
2022-08-25,24.9,14.2,19.5,0.0,71.0,263.5
2022-08-26,28.2,12.8,20.5,0.0,56.2,240.2
2022-08-27,25.3,14.6,20.0,0.0,59.4,262.6
2022-08-28,24.2,19.0,21.6,0.0,64.8,266.1
2022-08-29,23.5,11.1,17.3,0.0,70.8,279.0
2022-08-30,24.0,12.5,18.2,0.0,56.7,276.2
2022-08-31,23.7,17.4,20.5,0.0,75.2,241.6
2022-09-01,24.6,18.0,21.3,0.0,38.6,284.6
2022-09-02,24.4,13.9,19.2,0.0,67.6,242.6
2022-09-03,24.0,11.5,17.7,0.0,51.6,254.7
2022-09-04,24.7,18.0,21.3,0.0,73.7,277.6
2022-09-05,26.0,16.8,21.4,0.0,61.4,235.3
2022-09-06,25.4,14.8,20.1,0.0,53.3,235.1
2022-09-07,20.3,11.7,16.0,0.0,66.6,267.5
2022-09-08,18.0,13.1,15.6,0.0,68.9,221.6
2022-09-09,24.9,12.7,18.8,0.0,66.4,233.3
2022-09-10,20.1,13.5,16.8,2.3,69.7,259.0
2022-09-11,22.2,15.6,18.9,0.0,55.2,301.5
2022-09-12,20.2,14.3,17.2,0.0,60.0,255.6
2022-09-13,18.7,10.2,14.4,0.0,59.6,249.1
2022-09-14,23.2,14.9,19.1,0.0,67.5,248.3
2022-09-15,23.5,12.6,18.1,0.0,39.9,197.7
2022-09-16,20.7,13.2,16.9,0.0,63.3,230.8
2022-09-17,16.5,14.6,15.5,0.0,57.1,223.9
2022-09-18,20.4,9.3,14.8,0.0,51.6,231.9
2022-09-19,22.1,11.2,16.7,0.0,52.6,223.2
2022-09-20,18.2,10.1,14.1,0.0,57.9,228.5
2022-09-21,21.3,7.8,14.6,0.0,30.0,205.2
2022-09-22,20.8,11.5,16.1,0.0,53.0,213.7
2022-09-23,21.8,15.6,18.7,0.0,51.2,172.6
2022-09-24,20.7,6.8,13.7,0.0,65.3,197.2
2022-09-25,18.3,10.2,14.3,0.0,51.9,246.0
2022-09-26,22.5,11.4,16.9,0.0,57.8,211.2
2022-09-27,19.6,10.2,14.9,0.0,75.4,198.4
2022-09-28,19.7,9.5,14.6,6.9,89.9,253.4
2022-09-29,17.7,7.0,12.4,0.0,69.0,153.1
2022-09-30,18.5,9.9,14.2,0.0,55.0,158.0
2022-10-01,17.5,7.7,12.6,0.0,65.4,240.1
2022-10-02,18.7,4.7,11.7,0.0,57.7,187.6
2022-10-03,22.3,11.3,16.8,0.0,58.0,176.3
2022-10-04,16.0,10.7,13.3,7.0,84.1,145.1
2022-10-05,15.3,8.7,12.0,0.0,54.0,191.9
2022-10-06,21.3,8.9,15.1,0.0,74.9,192.3
2022-10-07,17.8,10.4,14.1,0.0,58.4,140.5
2022-10-08,16.7,8.5,12.6,0.0,66.2,166.6
2022-10-09,20.0,9.7,14.8,0.0,74.6,158.3
2022-10-10,16.5,7.1,11.8,0.0,70.3,173.5
2022-10-11,21.2,10.2,15.7,0.0,45.9,129.7
2022-10-12,18.7,8.0,13.4,0.0,64.4,198.4
2022-10-13,16.2,7.6,11.9,0.0,68.5,185.8
2022-10-14,21.4,4.5,12.9,0.0,68.9,144.9
2022-10-15,15.7,7.5,11.6,10.6,68.9,146.9
2022-10-16,18.2,5.1,11.6,0.0,53.4,146.8
2022-10-17,17.2,5.3,11.2,0.0,69.9,125.1
2022-10-18,19.0,4.8,11.9,1.0,72.4,132.8
2022-10-19,19.4,4.1,11.7,0.0,57.0,135.6
2022-10-20,16.1,10.3,13.2,0.0,75.8,189.7
2022-10-21,14.4,8.6,11.5,4.4,79.5,167.3
2022-10-22,16.7,9.6,13.2,0.0,52.7,164.6
2022-10-23,14.3,3.2,8.7,0.0,51.2,145.3
2022-10-24,19.5,5.6,12.5,2.7,83.3,98.4
2022-10-25,15.6,2.7,9.2,0.0,46.7,128.4
2022-10-26,14.4,3.8,9.1,2.2,77.5,156.5
2022-10-27,15.4,3.2,9.3,0.0,63.3,87.4
2022-10-28,12.2,7.3,9.8,0.0,73.0,142.0
2022-10-29,12.8,3.9,8.3,0.0,66.7,190.4
2022-10-30,17.0,6.7,11.8,0.3,72.9,150.4
2022-10-31,13.1,5.6,9.4,0.0,71.8,158.8
2022-11-01,12.2,8.9,10.5,0.0,57.0,120.8
2022-11-02,15.2,1.2,8.2,0.0,47.6,141.2
2022-11-03,16.4,6.5,11.4,0.0,58.3,88.5
2022-11-04,15.3,6.2,10.7,0.0,74.4,131.9
2022-11-05,15.7,1.8,8.8,0.0,61.7,125.6
2022-11-06,12.1,5.6,8.8,0.0,60.1,112.7
2022-11-07,10.6,4.1,7.4,0.0,76.4,141.5
2022-11-08,16.3,2.9,9.6,0.0,45.7,83.9
2022-11-09,12.6,1.6,7.1,0.0,47.1,92.5
2022-11-10,12.6,1.6,7.1,11.8,63.8,99.1
2022-11-11,15.6,7.1,11.3,0.0,63.7,63.5
2022-11-12,14.0,2.8,8.4,0.0,61.7,99.4
2022-11-13,13.6,4.3,9.0,7.6,95.4,50.0
2022-11-14,16.9,1.0,9.0,0.0,62.4,120.5
2022-11-15,11.2,0.9,6.1,0.0,56.0,88.7
2022-11-16,14.2,4.5,9.4,0.0,60.0,70.0
2022-11-17,12.4,-0.4,6.0,3.3,81.2,59.0
2022-11-18,12.7,1.3,7.0,0.0,43.3,75.3
2022-11-19,15.1,2.1,8.6,0.0,87.1,101.4
2022-11-20,13.0,2.2,7.6,0.0,65.2,95.7
2022-11-21,12.9,1.5,7.2,0.0,62.1,56.6
2022-11-22,13.9,2.5,8.2,0.0,66.2,50.9
2022-11-23,10.9,3.0,7.0,6.7,87.1,94.5
2022-11-24,9.9,3.0,6.5,0.0,58.6,51.7
2022-11-25,9.4,-0.5,4.4,0.0,53.7,73.8
2022-11-26,7.4,0.8,4.1,0.0,66.0,74.4
2022-11-27,15.4,3.7,9.5,0.0,63.9,78.8
2022-11-28,9.0,3.0,6.0,29.1,71.9,93.9
2022-11-29,10.7,-1.6,4.5,14.9,94.2,50.0
2022-11-30,10.5,1.8,6.1,0.0,62.9,50.0
2022-12-01,11.6,-3.0,4.3,0.0,67.3,50.0
2022-12-02,12.5,1.0,6.8,0.0,73.9,117.6
2022-12-03,12.6,4.6,8.6,0.0,60.2,123.2
2022-12-04,9.6,-1.1,4.2,5.9,83.2,116.4
2022-12-05,10.4,-1.0,4.7,0.0,68.1,54.7
2022-12-06,11.2,2.2,6.7,0.0,52.8,50.0
2022-12-07,10.1,-2.5,3.8,32.8,80.5,50.0
2022-12-08,13.7,-0.7,6.5,0.0,61.3,50.0
2022-12-09,11.5,1.7,6.6,0.0,50.4,51.1
2022-12-10,11.9,-0.8,5.5,0.0,83.2,95.3
2022-12-11,11.7,-0.1,5.8,0.0,45.9,81.6
2022-12-12,12.7,1.8,7.2,0.0,47.0,61.7
2022-12-13,10.6,1.1,5.9,0.0,73.1,50.0
2022-12-14,7.7,0.8,4.2,0.0,67.1,50.0
2022-12-15,11.0,-0.5,5.3,0.0,49.7,60.8
2022-12-16,8.9,0.9,4.9,0.0,66.1,73.5
2022-12-17,9.1,-0.1,4.5,0.0,74.7,63.9
2022-12-18,11.3,1.0,6.2,0.0,59.7,50.0
2022-12-19,12.6,-0.9,5.8,0.0,86.0,70.9
2022-12-20,10.1,-0.3,4.9,19.6,62.8,63.8
2022-12-21,10.7,-1.9,4.4,0.0,66.9,50.0
2022-12-22,13.4,-0.0,6.7,0.0,71.7,50.0
2022-12-23,10.5,-1.6,4.5,6.6,88.9,71.0
2022-12-24,15.2,-2.2,6.5,0.0,58.0,50.0
2022-12-25,11.1,0.5,5.8,0.0,57.1,97.8
2022-12-26,6.5,0.4,3.5,0.0,64.4,65.1
2022-12-27,11.5,1.6,6.5,6.5,88.2,50.0
2022-12-28,10.8,-0.9,5.0,0.0,66.0,50.0
2022-12-29,12.6,0.8,6.7,0.0,70.4,52.0
2022-12-30,11.4,1.1,6.2,7.0,69.8,50.0
2022-12-31,9.7,0.9,5.3,5.3,77.7,50.0
2023-01-01,7.6,-1.6,3.0,0.0,50.6,71.6
2023-01-02,9.6,0.4,5.0,0.0,56.1,76.2
2023-01-03,8.4,0.8,4.6,25.5,90.2,69.2
2023-01-04,8.9,0.1,4.5,0.0,61.1,96.9
2023-01-05,11.3,-4.1,3.6,0.0,86.1,50.0
2023-01-06,13.5,0.5,7.0,0.0,61.9,102.5
2023-01-07,11.0,4.6,7.8,0.0,60.6,50.0
2023-01-08,7.8,-0.5,3.7,0.0,61.1,50.0
2023-01-09,11.1,-1.2,5.0,0.0,53.6,50.0
2023-01-10,12.7,1.0,6.9,0.0,59.4,50.0
2023-01-11,9.1,1.0,5.0,16.8,91.3,50.0
2023-01-12,10.1,2.8,6.4,0.0,61.1,71.5
2023-01-13,10.5,-2.1,4.2,14.5,72.1,63.8
2023-01-14,8.9,1.9,5.4,0.0,50.7,50.0
2023-01-15,11.8,1.7,6.8,0.0,55.5,50.0
2023-01-16,10.4,0.3,5.3,0.0,60.7,50.0
2023-01-17,11.5,1.3,6.4,7.3,91.9,50.0
2023-01-18,8.9,2.8,5.9,27.2,66.6,50.0
2023-01-19,9.9,2.5,6.2,2.9,76.8,50.0
2023-01-20,12.3,-1.4,5.4,0.0,61.4,105.7
2023-01-21,10.2,2.6,6.4,0.0,41.7,69.5
2023-01-22,14.4,0.9,7.7,0.0,51.7,84.8
2023-01-23,10.3,1.2,5.7,0.0,53.2,50.0
2023-01-24,11.6,1.3,6.4,3.1,72.0,103.1
2023-01-25,13.1,0.9,7.0,0.0,61.9,107.5
2023-01-26,8.5,3.7,6.1,9.5,78.4,50.0
2023-01-27,7.9,1.2,4.6,0.0,54.4,50.0
2023-01-28,8.4,-0.7,3.8,0.0,64.3,87.2
2023-01-29,14.1,0.8,7.5,0.0,77.2,93.0
2023-01-30,10.6,2.0,6.3,0.0,76.4,54.8
2023-01-31,16.9,4.2,10.6,0.0,40.8,67.4
2023-02-01,10.7,3.1,6.9,0.0,65.8,60.1
2023-02-02,12.3,0.3,6.3,3.6,78.2,82.9
2023-02-03,15.2,7.0,11.1,0.0,61.6,117.1
2023-02-04,16.2,2.7,9.5,0.0,56.0,59.6
2023-02-05,16.4,4.8,10.6,0.0,61.2,114.4
2023-02-06,14.8,2.1,8.5,29.5,81.5,62.6
2023-02-07,14.6,3.6,9.1,0.0,54.2,62.3
2023-02-08,13.8,4.3,9.1,5.8,71.0,114.0
2023-02-09,14.3,5.2,9.7,7.8,75.5,118.9
2023-02-10,11.8,5.0,8.4,0.0,62.3,118.5
2023-02-11,11.4,4.7,8.0,0.0,66.0,55.4
2023-02-12,13.1,2.5,7.8,0.0,68.5,82.7
2023-02-13,12.9,2.1,7.5,0.0,55.1,123.3
2023-02-14,12.5,4.0,8.2,0.0,62.8,101.7
2023-02-15,14.9,5.4,10.1,0.0,69.6,70.2
2023-02-16,15.5,3.2,9.4,0.0,71.7,118.2
2023-02-17,13.9,5.9,9.9,0.0,59.4,85.0
2023-02-18,16.9,6.8,11.8,7.6,77.8,162.3
2023-02-19,11.8,2.2,7.0,0.0,61.9,156.9
2023-02-20,13.8,2.5,8.1,11.0,68.5,130.7
2023-02-21,12.9,4.0,8.5,0.0,58.1,155.5
2023-02-22,10.7,5.1,7.9,16.7,87.4,118.8
2023-02-23,14.4,3.6,9.0,0.0,66.4,142.0
2023-02-24,14.5,7.5,11.0,0.0,57.3,165.5
2023-02-25,17.9,5.7,11.8,0.0,62.2,130.8
2023-02-26,16.3,5.1,10.7,0.0,51.8,118.0
2023-02-27,13.1,2.3,7.7,0.0,67.0,76.7
2023-02-28,19.1,2.7,10.9,0.0,59.2,127.7
2023-03-01,17.9,6.1,12.0,0.4,77.2,157.2
2023-03-02,16.8,1.4,9.1,0.0,56.4,163.1
2023-03-03,15.4,7.8,11.6,0.0,59.4,152.2
2023-03-04,14.0,5.6,9.8,0.0,55.5,123.2
2023-03-05,15.4,12.6,14.0,0.0,66.6,82.5
2023-03-06,18.5,10.9,14.7,0.0,56.0,129.4
2023-03-07,20.2,6.1,13.1,16.4,95.9,137.5
2023-03-08,19.7,6.4,13.0,2.1,94.7,139.7
2023-03-09,15.8,8.8,12.3,0.0,51.1,170.0
2023-03-10,14.7,10.3,12.5,0.0,60.7,213.5
2023-03-11,17.4,3.8,10.6,0.0,53.5,160.1
2023-03-12,13.7,3.7,8.7,0.0,56.7,152.4
2023-03-13,18.1,6.2,12.1,0.0,80.0,153.6
2023-03-14,17.3,8.8,13.0,0.0,56.9,167.6
2023-03-15,16.8,8.8,12.8,5.6,83.6,141.5
2023-03-16,14.7,10.1,12.4,0.0,65.4,172.5
2023-03-17,19.1,5.7,12.4,0.0,50.0,184.9
2023-03-18,17.2,3.6,10.4,14.2,71.4,180.2
2023-03-19,16.1,10.1,13.1,0.0,47.9,190.2
2023-03-20,12.9,6.9,9.9,0.0,51.1,192.1
2023-03-21,18.7,4.7,11.7,1.5,51.5,128.5
2023-03-22,22.5,9.2,15.9,0.0,65.4,203.3
2023-03-23,22.4,10.7,16.6,0.0,80.5,166.6
2023-03-24,18.4,9.0,13.7,0.0,61.5,156.5
2023-03-25,18.3,8.5,13.4,0.0,45.8,158.8
2023-03-26,20.6,9.3,14.9,0.0,53.6,207.5
2023-03-27,17.8,9.1,13.4,0.0,55.4,190.4
2023-03-28,20.6,7.3,13.9,0.0,49.8,149.2
2023-03-29,21.7,8.7,15.2,0.0,68.6,216.6
2023-03-30,22.8,11.4,17.1,1.1,88.1,161.6
2023-03-31,20.3,11.1,15.7,0.0,48.4,211.6
2023-04-01,20.3,11.0,15.6,0.0,67.3,217.1
2023-04-02,19.1,8.8,14.0,0.0,75.3,239.1
2023-04-03,19.4,10.6,15.0,0.0,79.0,268.6
2023-04-04,20.7,6.8,13.8,0.0,88.7,176.7
2023-04-05,22.1,11.7,16.9,0.0,51.0,218.7
2023-04-06,23.3,14.4,18.9,0.0,88.2,214.5
2023-04-07,20.1,8.7,14.4,0.0,56.5,238.4
2023-04-08,24.8,10.7,17.8,0.0,54.1,234.4
2023-04-09,21.5,12.7,17.1,0.0,63.3,219.8
2023-04-10,22.2,14.7,18.4,0.0,54.2,219.7
2023-04-11,20.9,11.5,16.2,24.5,84.0,202.0
2023-04-12,17.7,11.1,14.4,0.0,46.8,267.6
2023-04-13,24.5,8.8,16.6,0.0,57.6,254.2
2023-04-14,24.3,13.1,18.7,0.0,72.9,270.5
2023-04-15,22.5,17.1,19.8,34.1,79.4,236.1
2023-04-16,23.3,13.7,18.5,0.0,61.4,228.1
2023-04-17,24.4,13.3,18.8,0.0,64.8,217.9
2023-04-18,20.4,14.2,17.3,0.0,71.7,263.5
2023-04-19,22.6,13.7,18.1,0.0,43.4,223.9
2023-04-20,25.4,12.2,18.8,0.0,65.8,313.0
2023-04-21,21.5,15.6,18.6,10.6,77.3,220.7
2023-04-22,24.7,14.6,19.7,0.0,61.7,270.5
2023-04-23,21.6,14.3,18.0,0.0,70.6,311.6
2023-04-24,25.4,12.5,19.0,0.0,48.1,284.9
2023-04-25,24.5,17.2,20.9,0.0,49.9,274.5
2023-04-26,21.5,16.1,18.8,0.0,40.6,242.4
2023-04-27,27.2,13.8,20.5,0.0,54.5,232.3
2023-04-28,23.6,17.1,20.3,0.0,73.3,299.1
2023-04-29,23.6,14.2,18.9,0.0,58.8,323.4
2023-04-30,25.8,13.8,19.8,0.0,46.6,267.2
2023-05-01,27.8,14.0,20.9,0.0,55.1,248.4
2023-05-02,23.6,12.1,17.9,0.0,45.1,211.0
2023-05-03,25.9,16.7,21.3,0.0,48.7,257.4
2023-05-04,26.8,12.3,19.5,0.0,63.9,285.5
2023-05-05,27.5,13.6,20.5,0.0,48.3,339.0
2023-05-06,26.6,12.1,19.3,0.0,71.1,313.2
2023-05-07,25.6,16.2,20.9,0.0,59.3,304.2
2023-05-08,24.8,16.2,20.5,0.0,60.9,285.0
2023-05-09,26.8,15.9,21.4,0.0,57.2,281.5
2023-05-10,24.6,14.6,19.6,3.1,87.7,343.1
2023-05-11,21.0,14.5,17.8,0.0,67.8,308.8
2023-05-12,27.9,17.9,22.9,0.0,63.4,241.6
2023-05-13,28.9,16.0,22.5,0.0,65.6,286.3
2023-05-14,22.5,17.9,20.2,0.0,57.9,282.6
2023-05-15,25.3,15.6,20.4,0.0,65.4,293.7
2023-05-16,28.7,17.8,23.3,0.0,56.6,328.7
2023-05-17,31.7,20.2,25.9,0.0,60.0,310.3
2023-05-18,27.7,18.9,23.3,0.0,57.3,312.9
2023-05-19,26.3,17.0,21.6,0.0,55.4,356.2
2023-05-20,27.5,18.4,23.0,0.0,53.1,297.5
2023-05-21,30.7,17.5,24.1,0.0,64.7,375.9
2023-05-22,26.8,18.1,22.5,0.0,73.1,301.4
2023-05-23,26.6,17.6,22.1,0.0,71.7,325.7
2023-05-24,27.3,18.0,22.7,6.9,67.4,316.0
2023-05-25,26.5,18.8,22.7,0.0,72.9,329.6
2023-05-26,28.7,16.5,22.6,0.0,56.8,340.6
2023-05-27,31.8,16.5,24.2,0.0,66.0,341.6
2023-05-28,29.3,15.9,22.6,0.0,50.9,307.3
2023-05-29,28.2,15.5,21.9,0.0,61.4,297.5
2023-05-30,28.2,16.4,22.3,0.0,63.1,400.0
2023-05-31,25.8,19.2,22.5,0.0,45.2,319.1
2023-06-01,30.8,17.2,24.0,0.0,66.1,355.8
2023-06-02,28.9,20.1,24.5,0.0,73.5,287.7
2023-06-03,28.8,19.2,24.0,0.0,58.3,328.6
2023-06-04,35.6,15.3,25.4,0.0,73.6,334.2
2023-06-05,29.9,20.6,25.2,0.0,58.1,353.2
2023-06-06,27.8,21.0,24.4,0.0,68.5,258.3
2023-06-07,28.5,17.4,23.0,0.0,37.8,345.8
2023-06-08,31.7,20.3,26.0,0.0,84.2,307.2
2023-06-09,29.7,17.8,23.8,0.0,75.0,352.3
2023-06-10,26.7,19.8,23.2,0.0,57.2,312.2
2023-06-11,31.4,17.1,24.3,0.0,40.3,318.4
2023-06-12,28.3,16.1,22.2,0.0,62.9,336.6
2023-06-13,33.4,18.9,26.2,0.0,45.6,313.9
2023-06-14,31.9,19.5,25.7,0.0,64.4,331.8
2023-06-15,28.9,19.0,23.9,0.0,64.1,310.8
2023-06-16,32.4,17.4,24.9,0.0,50.6,292.1
2023-06-17,30.0,19.0,24.5,0.0,71.2,378.1
2023-06-18,31.6,20.4,26.0,0.0,68.1,309.2
2023-06-19,30.9,19.8,25.3,0.0,69.8,343.1
2023-06-20,28.2,20.3,24.3,0.0,60.1,371.4
2023-06-21,28.7,18.6,23.6,0.0,45.8,330.6
2023-06-22,32.0,22.3,27.2,0.0,69.8,324.6
2023-06-23,29.3,17.6,23.5,0.0,57.3,356.4
2023-06-24,29.2,21.0,25.1,0.0,46.1,383.3
2023-06-25,28.1,22.4,25.2,0.0,73.5,314.8
2023-06-26,30.8,21.0,25.9,0.0,81.0,345.5
2023-06-27,34.1,19.6,26.9,0.0,59.6,298.0
2023-06-28,27.9,18.9,23.4,0.0,81.6,338.2
2023-06-29,30.0,22.1,26.1,0.0,60.9,351.0
2023-06-30,32.8,17.1,25.0,0.0,56.2,324.2
2023-07-01,29.8,18.0,23.9,0.0,53.7,336.0
2023-07-02,30.9,19.2,25.0,16.6,96.4,307.3
2023-07-03,27.8,22.4,25.1,0.0,52.2,351.6
2023-07-04,30.8,20.7,25.7,0.0,67.4,380.7
2023-07-05,29.5,18.0,23.8,0.0,54.4,315.8
2023-07-06,31.9,19.3,25.6,0.0,55.4,329.7
2023-07-07,32.2,18.6,25.4,0.0,70.3,363.0
2023-07-08,35.0,18.4,26.7,0.0,56.2,383.9
2023-07-09,31.0,21.8,26.4,0.0,56.0,302.2
2023-07-10,30.4,17.0,23.7,0.0,71.3,341.4
2023-07-11,30.1,22.9,26.5,0.0,76.0,354.4
2023-07-12,29.0,21.3,25.2,0.0,66.4,342.2
2023-07-13,30.3,21.8,26.1,0.0,53.5,270.3
2023-07-14,29.0,18.7,23.8,0.0,54.9,358.9
2023-07-15,29.9,19.2,24.6,0.0,60.8,388.7
2023-07-16,32.1,16.6,24.4,0.0,63.2,345.9
2023-07-17,27.4,18.4,22.9,0.0,50.1,310.6
2023-07-18,31.7,20.4,26.0,0.0,67.2,325.3
2023-07-19,32.0,21.9,26.9,0.0,60.9,392.8
2023-07-20,29.0,17.0,23.0,0.0,42.8,366.1
2023-07-21,24.9,18.5,21.7,0.0,50.7,357.0
2023-07-22,27.9,18.8,23.4,0.0,55.0,347.4
2023-07-23,31.6,16.3,23.9,0.0,59.3,315.8
2023-07-24,28.9,20.2,24.5,0.0,78.9,328.5
2023-07-25,26.9,17.4,22.2,0.0,62.4,331.0
2023-07-26,27.8,18.4,23.1,0.0,51.6,348.7
2023-07-27,30.4,17.8,24.1,0.0,62.2,376.2
2023-07-28,29.7,17.1,23.4,0.0,56.5,363.2
2023-07-29,28.1,18.5,23.3,0.0,63.2,285.8
2023-07-30,27.7,18.0,22.9,0.0,65.8,333.7
2023-07-31,27.6,17.6,22.6,0.0,72.1,347.7
2023-08-01,26.4,16.8,21.6,0.0,59.8,342.7
2023-08-02,31.4,18.8,25.1,0.0,76.4,303.8
2023-08-03,27.4,21.4,24.4,0.0,69.1,400.0
2023-08-04,30.4,18.3,24.3,0.0,52.9,281.3
2023-08-05,30.9,19.9,25.4,0.0,82.1,285.6
2023-08-06,29.8,15.0,22.4,0.0,63.3,323.5
2023-08-07,26.8,18.0,22.4,0.0,51.6,378.3
2023-08-08,28.3,15.3,21.8,0.0,76.5,288.0
2023-08-09,27.4,14.5,20.9,0.0,80.8,303.4
2023-08-10,25.5,15.8,20.7,0.0,59.7,342.0
2023-08-11,27.8,19.6,23.7,0.0,55.0,307.4
2023-08-12,24.7,19.0,21.8,0.0,58.3,296.1
2023-08-13,29.3,17.4,23.4,22.7,87.1,321.2
2023-08-14,25.9,13.8,19.8,0.0,72.8,310.6
2023-08-15,27.1,16.3,21.7,0.0,65.7,331.4
2023-08-16,27.1,17.2,22.2,0.0,61.0,337.3
2023-08-17,25.9,16.8,21.4,0.0,75.0,305.8
2023-08-18,27.5,12.6,20.0,0.0,56.9,303.3
2023-08-19,25.2,14.4,19.8,0.0,70.3,299.0
2023-08-20,27.8,15.9,21.8,0.0,57.1,305.2
2023-08-21,23.2,17.0,20.1,0.0,64.3,290.1
2023-08-22,26.0,11.4,18.7,0.0,58.9,286.3
2023-08-23,29.5,15.3,22.4,0.0,59.4,320.1
2023-08-24,23.5,15.8,19.6,0.0,56.2,327.6
2023-08-25,24.0,17.0,20.5,0.0,73.4,234.7
2023-08-26,26.2,16.6,21.4,0.0,52.7,278.0
2023-08-27,25.4,16.2,20.8,0.0,52.6,254.8
2023-08-28,25.6,13.3,19.4,0.0,81.2,263.9
2023-08-29,25.7,10.9,18.3,0.0,69.8,283.1
2023-08-30,25.8,13.8,19.8,0.0,36.1,288.8
2023-08-31,26.6,16.4,21.5,0.0,54.3,263.0
2023-09-01,25.1,17.1,21.1,0.0,41.9,206.7
2023-09-02,23.6,15.5,19.6,0.0,50.5,232.8
2023-09-03,25.3,14.8,20.1,0.0,30.0,286.3
2023-09-04,27.6,14.6,21.1,0.0,58.6,174.8
2023-09-05,23.4,12.5,18.0,0.0,48.6,290.2
2023-09-06,21.5,13.2,17.4,0.0,60.6,267.8
2023-09-07,25.5,16.7,21.1,0.0,43.7,289.2
2023-09-08,22.9,11.3,17.1,0.0,60.8,241.3
2023-09-09,18.6,16.2,17.4,0.0,55.9,183.0
2023-09-10,24.5,12.2,18.4,0.0,75.0,255.3
2023-09-11,21.6,15.3,18.4,0.0,74.1,278.1
2023-09-12,22.3,9.7,16.0,0.0,67.9,265.1
2023-09-13,23.0,13.5,18.2,0.0,56.7,215.0
2023-09-14,22.5,10.7,16.6,0.0,79.9,235.0
2023-09-15,23.4,9.2,16.3,0.0,44.5,213.9
2023-09-16,20.9,12.3,16.6,0.0,46.0,202.7
2023-09-17,22.7,13.7,18.2,0.0,59.2,253.4
2023-09-18,21.0,9.8,15.4,20.5,100.0,186.3
2023-09-19,22.8,8.3,15.6,0.0,58.0,192.8
2023-09-20,22.4,11.0,16.7,0.0,58.2,184.0
2023-09-21,19.1,10.8,14.9,0.0,45.6,169.8
2023-09-22,23.0,11.9,17.4,0.0,69.5,216.4
2023-09-23,19.6,12.5,16.0,20.5,89.5,244.2
2023-09-24,22.1,10.3,16.2,0.0,67.9,201.3
2023-09-25,21.0,14.0,17.5,0.0,53.7,159.1
2023-09-26,23.8,10.6,17.2,0.0,52.9,226.8
2023-09-27,19.5,9.2,14.4,0.0,47.1,249.6
2023-09-28,19.1,6.5,12.8,0.0,60.8,177.1
2023-09-29,19.6,9.1,14.3,0.0,49.2,179.5
2023-09-30,18.8,8.7,13.8,0.0,48.2,206.8
2023-10-01,20.8,11.2,16.0,0.0,55.8,237.4
2023-10-02,15.8,10.0,12.9,0.0,55.1,170.6
2023-10-03,16.8,6.5,11.7,0.0,54.6,143.6
2023-10-04,16.6,9.1,12.8,0.0,64.7,200.0
2023-10-05,20.5,9.9,15.2,5.1,80.8,202.5
2023-10-06,21.8,11.5,16.6,0.0,57.1,176.1
2023-10-07,18.0,10.0,14.0,0.0,61.8,156.6
2023-10-08,17.7,9.6,13.6,0.0,50.1,200.7
2023-10-09,18.0,8.0,13.0,0.8,81.1,184.2
2023-10-10,20.0,8.5,14.3,0.0,61.5,142.7
2023-10-11,15.7,10.1,12.9,0.0,45.0,164.8
2023-10-12,17.9,4.7,11.3,0.0,70.0,120.2
2023-10-13,19.2,6.5,12.8,0.0,51.2,178.9
2023-10-14,18.1,5.5,11.8,0.0,60.9,148.0
2023-10-15,17.3,7.6,12.5,1.4,91.6,140.3
2023-10-16,18.7,9.2,14.0,0.0,69.3,149.9
2023-10-17,11.2,5.4,8.3,0.0,60.3,149.7
2023-10-18,17.8,1.6,9.7,0.0,56.4,172.9
2023-10-19,14.9,5.4,10.2,0.0,69.5,161.4
2023-10-20,12.4,7.9,10.2,0.0,66.7,136.6
2023-10-21,17.0,7.0,12.0,0.0,53.8,161.8
2023-10-22,18.5,6.6,12.6,0.0,52.1,148.6
2023-10-23,15.3,5.1,10.2,0.0,39.3,121.4
2023-10-24,17.4,2.9,10.1,1.2,81.5,128.2
2023-10-25,18.5,6.3,12.4,0.0,59.2,125.2
2023-10-26,17.8,3.5,10.6,0.0,71.4,142.5
2023-10-27,18.3,9.4,13.8,0.0,63.6,114.1
2023-10-28,16.3,6.0,11.2,0.0,73.3,111.2
2023-10-29,14.9,3.6,9.2,0.0,53.0,179.8
2023-10-30,11.4,3.3,7.4,4.6,91.4,146.7
2023-10-31,13.9,4.2,9.1,0.0,54.7,93.5
2023-11-01,12.6,3.8,8.2,0.0,67.8,131.4
2023-11-02,18.5,6.4,12.4,0.0,45.4,115.7
2023-11-03,13.7,4.4,9.0,0.0,62.4,121.8
2023-11-04,14.1,2.4,8.3,0.0,40.2,112.1
2023-11-05,14.8,7.5,11.2,0.0,57.3,141.7
2023-11-06,13.7,3.7,8.7,0.0,64.4,114.3
2023-11-07,16.9,5.0,10.9,0.0,54.8,100.1
2023-11-08,12.1,2.1,7.1,0.0,49.5,131.3
2023-11-09,13.6,3.9,8.8,1.3,88.5,105.1
2023-11-10,11.6,3.7,7.7,0.0,59.0,99.9
2023-11-11,10.3,-0.8,4.8,0.0,55.1,103.8
2023-11-12,11.6,6.9,9.2,0.0,60.4,89.8
2023-11-13,12.6,5.3,9.0,0.0,86.4,91.1
2023-11-14,11.7,1.8,6.8,0.0,71.5,71.5
2023-11-15,11.1,0.3,5.7,0.0,71.6,64.8
2023-11-16,9.6,3.1,6.3,0.0,64.4,55.7
2023-11-17,12.1,2.4,7.3,0.0,61.7,50.0
2023-11-18,9.1,2.9,6.0,0.6,56.0,56.0
2023-11-19,13.6,2.4,8.0,0.0,53.2,75.6
2023-11-20,12.1,3.0,7.5,0.0,55.2,82.3
2023-11-21,8.9,4.7,6.8,0.5,61.3,69.6
2023-11-22,11.1,2.9,7.0,0.0,48.4,50.0
2023-11-23,10.1,-0.4,4.9,0.0,40.2,122.0
2023-11-24,12.2,4.3,8.2,0.0,59.6,106.0
2023-11-25,14.1,4.8,9.5,0.0,68.2,85.4
2023-11-26,7.6,7.7,7.7,0.0,71.1,127.9
2023-11-27,11.5,-1.0,5.3,0.0,64.1,50.0
2023-11-28,10.9,1.7,6.3,0.0,50.4,124.8
2023-11-29,12.5,-3.0,4.7,0.0,40.7,50.0
2023-11-30,11.5,2.2,6.8,0.0,42.4,72.9
2023-12-01,9.5,-0.1,4.7,0.0,47.3,50.0
2023-12-02,10.3,4.8,7.5,7.1,71.1,64.0
2023-12-03,9.2,-0.7,4.3,0.0,58.4,74.1
2023-12-04,12.9,-2.6,5.2,0.0,49.9,56.9
2023-12-05,10.7,-0.2,5.3,0.0,63.4,81.9
2023-12-06,14.4,-3.3,5.6,0.0,57.7,62.6
2023-12-07,10.5,2.1,6.3,12.8,80.1,50.0
2023-12-08,9.1,-3.6,2.8,0.0,71.4,50.0
2023-12-09,7.4,0.5,4.0,0.0,48.2,81.4
2023-12-10,6.8,-3.7,1.5,0.0,64.2,50.0
2023-12-11,7.2,-0.3,3.5,17.2,79.9,83.0
2023-12-12,10.9,3.6,7.2,4.6,76.7,91.6
2023-12-13,11.3,1.0,6.2,0.0,68.9,50.0
2023-12-14,7.1,-1.5,2.8,13.7,88.8,87.7
2023-12-15,12.0,0.1,6.1,1.8,70.5,114.9
2023-12-16,9.2,0.2,4.7,0.0,58.2,60.2
2023-12-17,10.4,1.1,5.8,0.0,62.8,70.1
2023-12-18,13.3,-2.6,5.4,0.0,57.3,82.9
2023-12-19,11.9,1.3,6.6,0.0,65.9,50.0
2023-12-20,9.5,-5.3,2.1,0.0,62.8,56.5
2023-12-21,8.3,-1.2,3.5,0.0,78.3,50.0
2023-12-22,5.7,-0.9,2.4,1.3,64.7,54.7
2023-12-23,8.6,1.3,4.9,0.0,58.8,65.3
2023-12-24,9.6,0.1,4.8,0.0,50.9,65.7
2023-12-25,8.0,-2.8,2.6,0.0,66.0,82.0
2023-12-26,9.7,-2.0,3.9,0.0,43.8,50.0
2023-12-27,10.2,0.4,5.3,0.0,63.5,50.0
2023-12-28,9.6,-0.2,4.7,2.1,73.7,106.9
2023-12-29,8.7,-1.2,3.8,0.0,52.7,50.0
2023-12-30,10.4,-0.9,4.7,0.0,45.5,56.2
2023-12-31,10.9,1.4,6.2,0.0,55.3,50.0
2024-01-01,7.9,-1.0,3.4,46.3,90.8,50.0
2024-01-02,12.9,-0.1,6.4,0.1,79.7,99.5
2024-01-03,9.9,4.4,7.1,0.0,66.3,50.0
2024-01-04,10.1,-2.8,3.7,0.0,76.6,50.0
2024-01-05,11.5,-3.6,4.0,0.0,62.6,50.0
2024-01-06,10.6,1.7,6.2,8.7,74.4,50.0
2024-01-07,12.1,-1.2,5.5,0.0,64.7,50.0
2024-01-08,10.8,-0.4,5.2,0.0,54.6,50.0
2024-01-09,9.0,-1.3,3.9,0.0,55.0,72.3
2024-01-10,11.0,-0.2,5.4,9.8,64.8,50.0
2024-01-11,8.0,3.5,5.8,0.0,69.3,81.7
2024-01-12,10.6,2.0,6.3,3.8,76.1,97.7
2024-01-13,10.4,2.2,6.3,23.2,81.8,79.9
2024-01-14,10.1,-2.4,3.9,0.0,49.6,50.8
2024-01-15,10.3,-1.8,4.3,0.0,64.4,62.3
2024-01-16,6.8,-5.1,0.9,0.0,52.4,50.0
2024-01-17,9.6,-1.0,4.3,0.0,58.6,55.8
2024-01-18,10.9,2.6,6.8,0.0,68.8,50.0
2024-01-19,11.1,1.8,6.5,0.0,67.9,82.5
2024-01-20,8.8,0.4,4.6,0.0,59.8,139.9
2024-01-21,13.5,0.9,7.2,0.0,42.3,78.8
2024-01-22,9.3,-0.4,4.4,0.0,89.9,50.0
2024-01-23,13.0,1.5,7.2,11.7,97.5,55.2
2024-01-24,12.0,2.7,7.3,0.0,67.2,70.9
2024-01-25,9.9,-2.0,4.0,0.0,52.5,71.1
2024-01-26,14.9,1.9,8.4,0.0,58.9,50.0
2024-01-27,9.0,3.3,6.1,0.0,54.6,78.4
2024-01-28,13.3,0.7,7.0,0.0,72.6,50.0
2024-01-29,13.6,3.0,8.3,0.0,62.6,50.0
2024-01-30,10.3,7.3,8.8,0.0,52.2,94.5
2024-01-31,14.6,1.6,8.1,0.0,55.3,50.0
2024-02-01,11.4,2.7,7.0,0.0,71.2,94.2
2024-02-02,12.5,0.5,6.5,0.0,76.0,50.0
2024-02-03,12.6,2.4,7.5,0.0,75.3,134.1
2024-02-04,11.9,3.1,7.5,4.0,87.6,59.5
2024-02-05,13.9,2.7,8.3,0.0,57.5,77.7
2024-02-06,14.0,0.4,7.2,0.2,47.6,95.9
2024-02-07,9.0,2.9,6.0,0.0,63.0,70.8
2024-02-08,15.2,5.6,10.4,0.0,60.0,93.7
2024-02-09,9.4,3.6,6.5,0.0,61.4,108.5
2024-02-10,14.9,4.8,9.9,0.0,60.5,121.8
2024-02-11,15.2,2.5,8.9,11.7,66.7,118.6
2024-02-12,10.9,4.6,7.8,0.0,65.6,91.5
2024-02-13,12.4,3.8,8.1,3.9,86.3,94.2
2024-02-14,11.2,1.5,6.3,0.0,66.8,171.0
2024-02-15,13.1,4.1,8.6,1.6,89.5,130.9
2024-02-16,13.0,1.6,7.3,16.7,86.0,76.8
2024-02-17,15.3,2.5,8.9,0.0,55.9,109.4
2024-02-18,16.5,4.3,10.4,0.0,59.3,98.4
2024-02-19,16.8,4.6,10.7,0.0,60.9,106.4
2024-02-20,13.0,1.8,7.4,0.0,61.1,75.7
2024-02-21,13.9,6.4,10.2,0.0,70.0,102.3
2024-02-22,11.1,5.6,8.3,0.0,66.4,171.2
2024-02-23,13.0,3.2,8.1,9.7,100.0,136.4
2024-02-24,16.7,1.7,9.2,0.0,82.1,50.0
2024-02-25,18.1,4.6,11.4,0.0,60.8,159.9
2024-02-26,12.6,4.1,8.4,0.0,30.0,158.3
2024-02-27,14.0,5.4,9.7,0.0,72.4,117.1
2024-02-28,15.3,4.6,10.0,0.0,54.6,151.7
2024-02-29,16.1,1.5,8.8,0.0,52.0,106.7
2024-03-01,14.0,4.9,9.5,0.0,56.0,120.7
2024-03-02,16.7,5.2,10.9,0.0,55.5,182.1
2024-03-03,15.0,7.2,11.1,0.0,66.1,131.3
2024-03-04,16.1,4.7,10.4,0.0,44.4,85.7
2024-03-05,17.4,9.6,13.5,0.0,49.2,142.3
2024-03-06,16.5,2.6,9.5,0.0,63.4,144.3
2024-03-07,15.7,9.2,12.5,0.0,66.2,185.0
2024-03-08,16.5,6.3,11.4,0.0,66.4,151.9
2024-03-09,16.8,8.6,12.7,0.0,52.1,141.3
2024-03-10,16.4,7.3,11.8,0.0,50.2,187.7
2024-03-11,16.7,9.5,13.1,0.5,74.9,162.5
2024-03-12,20.6,6.6,13.6,0.0,62.4,138.9
2024-03-13,18.7,5.4,12.1,0.0,74.9,198.5
2024-03-14,17.2,10.6,13.9,0.0,39.5,172.2
2024-03-15,19.3,7.7,13.5,0.0,57.8,169.0
2024-03-16,17.4,8.5,13.0,14.6,66.7,176.8
2024-03-17,20.6,10.7,15.7,0.0,43.5,141.8
2024-03-18,19.2,6.4,12.8,0.0,69.7,160.7
2024-03-19,18.4,9.8,14.1,0.0,65.4,179.2
2024-03-20,19.7,7.6,13.6,0.0,64.5,175.8
2024-03-21,15.8,8.7,12.2,21.3,89.2,222.4
2024-03-22,16.9,9.3,13.1,0.0,55.2,193.3
2024-03-23,16.9,6.3,11.6,0.0,55.7,215.0
2024-03-24,19.7,7.9,13.8,0.0,81.9,192.2
2024-03-25,23.1,12.3,17.7,0.0,57.5,226.2
2024-03-26,24.3,11.6,17.9,0.0,67.4,209.0
2024-03-27,21.3,9.9,15.6,0.0,60.1,200.0
2024-03-28,21.2,10.6,15.9,0.0,41.5,201.8
2024-03-29,16.7,9.7,13.2,0.0,39.6,176.2
2024-03-30,19.4,13.2,16.3,0.0,54.2,222.6
2024-03-31,19.1,10.3,14.7,0.0,70.6,208.8
2024-04-01,19.6,11.3,15.4,0.0,67.9,197.5
2024-04-02,20.7,13.3,17.0,0.0,69.1,248.3
2024-04-03,20.2,9.6,14.9,0.3,70.1,180.2
2024-04-04,17.4,14.5,15.9,0.0,76.2,207.6
2024-04-05,23.0,8.5,15.7,0.0,50.4,253.6
2024-04-06,19.5,14.9,17.2,0.0,62.1,234.8
2024-04-07,22.3,11.1,16.7,0.0,59.9,226.4
2024-04-08,26.2,11.5,18.9,4.6,78.3,237.9
2024-04-09,20.4,8.4,14.4,0.0,73.4,238.3
2024-04-10,17.3,11.5,14.4,0.0,52.9,190.0
2024-04-11,22.0,10.5,16.2,30.8,66.5,227.5
2024-04-12,24.9,11.5,18.2,0.0,60.2,288.9
2024-04-13,26.8,12.6,19.7,0.0,56.0,223.2
2024-04-14,20.6,14.9,17.8,0.0,93.8,235.9
2024-04-15,24.2,13.6,18.9,0.0,66.8,231.6
2024-04-16,22.4,14.0,18.2,0.0,55.9,247.7
2024-04-17,23.3,11.3,17.3,0.0,49.4,235.2
2024-04-18,29.0,11.9,20.4,13.8,61.2,269.7
2024-04-19,20.8,17.4,19.1,0.0,49.7,263.4
2024-04-20,24.5,12.5,18.5,0.0,61.1,283.1
2024-04-21,25.1,17.5,21.3,0.0,74.3,230.7
2024-04-22,26.5,13.8,20.1,0.0,71.2,254.4
2024-04-23,24.7,14.5,19.6,0.0,62.3,260.1
2024-04-24,25.2,16.8,21.0,0.0,56.8,282.9
2024-04-25,24.0,17.3,20.6,0.0,62.7,247.7
2024-04-26,25.5,14.7,20.1,0.0,54.8,301.2
2024-04-27,24.4,14.3,19.3,16.6,97.2,311.6
2024-04-28,26.5,15.1,20.8,0.0,58.1,248.5
2024-04-29,24.6,16.0,20.3,0.0,59.1,265.7
2024-04-30,26.3,17.3,21.8,0.0,37.8,266.6
2024-05-01,25.6,15.7,20.6,0.0,58.0,363.7
2024-05-02,28.0,17.0,22.5,0.0,68.4,273.9
2024-05-03,25.8,19.2,22.5,0.0,49.3,339.3
2024-05-04,22.5,16.8,19.7,0.0,52.5,253.0
2024-05-05,28.7,16.8,22.8,0.0,67.9,263.3
2024-05-06,24.5,13.3,18.9,0.0,45.2,274.4
2024-05-07,25.2,11.2,18.2,0.0,70.6,271.7
2024-05-08,25.4,17.4,21.4,0.0,54.7,290.9
2024-05-09,29.5,16.5,23.0,0.0,56.1,279.6
2024-05-10,22.6,15.8,19.2,0.0,48.8,278.2
2024-05-11,33.3,17.5,25.4,0.0,63.8,339.4
2024-05-12,29.2,17.0,23.1,0.0,84.6,343.2
2024-05-13,27.7,19.5,23.6,0.0,67.8,336.8
2024-05-14,27.2,17.5,22.4,0.0,51.4,325.8
2024-05-15,28.0,16.0,22.0,0.0,71.4,314.6
2024-05-16,28.6,19.5,24.1,0.0,56.8,298.6
2024-05-17,29.0,17.2,23.1,0.0,73.7,286.6
2024-05-18,28.9,18.8,23.9,0.0,68.1,327.7
2024-05-19,28.1,16.9,22.5,0.0,30.6,283.2
2024-05-20,27.6,16.7,22.2,0.0,50.0,290.2
2024-05-21,27.8,18.3,23.0,0.0,69.4,356.1
2024-05-22,27.8,18.2,23.0,0.0,61.5,380.0
2024-05-23,30.6,19.3,24.9,0.0,49.8,336.3
2024-05-24,29.6,17.9,23.7,0.0,53.7,359.1
2024-05-25,22.6,14.8,18.7,0.0,40.9,319.9
2024-05-26,29.9,17.7,23.8,0.0,59.1,288.5
2024-05-27,29.1,20.3,24.7,0.0,82.1,348.3
2024-05-28,28.7,18.2,23.4,0.0,68.0,348.3
2024-05-29,28.1,18.3,23.2,0.0,81.9,334.6
2024-05-30,31.2,20.9,26.0,0.0,68.8,326.4
2024-05-31,30.9,17.6,24.2,0.0,70.3,363.7
2024-06-01,27.5,16.0,21.7,0.0,79.7,306.3
2024-06-02,29.9,18.8,24.4,0.0,63.8,313.8
2024-06-03,27.3,18.2,22.7,0.0,58.1,307.8
2024-06-04,26.5,17.3,21.9,0.0,70.3,341.5
2024-06-05,28.1,19.0,23.5,0.0,74.5,307.3
2024-06-06,31.1,20.4,25.7,0.0,55.2,320.3
2024-06-07,31.4,19.4,25.4,0.0,52.8,320.6
2024-06-08,30.5,20.1,25.3,4.2,81.4,334.7
2024-06-09,31.0,23.2,27.1,0.0,68.3,298.7
2024-06-10,30.6,18.9,24.8,0.0,68.0,346.7
2024-06-11,28.4,20.2,24.3,0.0,45.8,382.2
2024-06-12,30.6,18.7,24.6,0.0,79.1,349.5
2024-06-13,31.3,18.0,24.7,21.1,73.6,392.3
2024-06-14,31.3,18.6,24.9,29.0,77.3,386.6
2024-06-15,32.2,18.9,25.5,0.0,51.0,370.5
2024-06-16,31.3,20.6,25.9,0.0,87.0,349.8
2024-06-17,30.6,24.6,27.6,0.0,62.4,348.7
2024-06-18,32.0,18.5,25.3,8.7,71.5,371.4
2024-06-19,29.9,19.1,24.5,0.0,68.6,337.0
2024-06-20,28.2,19.8,24.0,0.0,67.7,292.6
2024-06-21,29.6,20.7,25.2,0.0,58.1,364.1
2024-06-22,28.5,20.5,24.5,0.0,68.4,315.6
2024-06-23,28.6,22.6,25.6,0.0,51.7,320.9
2024-06-24,29.7,15.1,22.4,27.6,75.1,349.9
2024-06-25,28.4,15.2,21.8,0.0,39.9,347.1
2024-06-26,29.4,19.0,24.2,0.0,46.8,307.6
2024-06-27,26.2,22.2,24.2,0.0,78.1,355.0
2024-06-28,30.4,16.9,23.6,1.3,96.4,378.9
2024-06-29,30.0,14.0,22.0,0.0,60.7,316.0
2024-06-30,28.3,21.1,24.7,0.0,76.6,387.9
2024-07-01,31.3,20.5,25.9,0.0,58.4,302.7
2024-07-02,31.8,17.8,24.8,0.0,57.6,400.0
2024-07-03,26.7,18.0,22.3,0.0,60.6,336.7
2024-07-04,28.4,18.0,23.2,0.0,58.8,353.1
2024-07-05,28.4,20.1,24.2,0.0,57.8,291.6
2024-07-06,28.0,18.6,23.3,2.5,91.4,346.1
2024-07-07,31.5,20.8,26.2,0.0,61.5,354.4
2024-07-08,29.4,14.1,21.8,0.0,67.1,344.4
2024-07-09,29.2,18.1,23.6,0.0,70.3,329.6
2024-07-10,25.7,17.5,21.6,0.0,63.9,317.5
2024-07-11,31.0,19.2,25.1,0.0,50.3,379.2
2024-07-12,27.2,18.6,22.9,0.0,46.5,345.5
2024-07-13,29.7,21.2,25.5,0.0,61.5,390.1
2024-07-14,30.1,15.8,23.0,0.0,58.3,327.4
2024-07-15,32.2,19.6,25.9,0.0,60.9,329.3
2024-07-16,26.8,20.6,23.7,0.0,59.8,366.0
2024-07-17,23.3,23.1,23.2,0.0,85.8,292.0
2024-07-18,29.7,18.4,24.0,0.0,46.7,303.3
2024-07-19,32.9,19.9,26.4,0.0,40.1,371.7
2024-07-20,31.7,15.6,23.6,0.0,63.3,302.6
2024-07-21,29.5,14.3,21.9,0.0,56.2,282.2
2024-07-22,28.1,20.7,24.4,0.0,63.2,391.7
2024-07-23,30.6,19.0,24.8,0.0,65.8,292.7
2024-07-24,26.9,21.2,24.1,0.0,72.8,338.9
2024-07-25,29.8,16.1,22.9,0.0,44.9,334.2
2024-07-26,29.7,19.8,24.8,0.0,54.4,246.6
2024-07-27,30.8,22.4,26.6,0.0,64.3,321.6
2024-07-28,34.1,19.4,26.7,0.0,67.7,341.8
2024-07-29,29.2,19.0,24.1,0.0,81.9,337.6
2024-07-30,27.4,18.4,22.9,0.0,69.6,352.7
2024-07-31,28.2,15.1,21.7,0.0,59.4,312.5
2024-08-01,24.6,20.9,22.8,0.0,51.1,344.1
2024-08-02,26.7,16.9,21.8,0.0,54.4,300.5
2024-08-03,27.2,19.0,23.1,0.0,54.1,277.3
2024-08-04,26.8,14.7,20.8,0.0,66.6,279.1
2024-08-05,28.1,15.4,21.7,0.0,62.6,272.6
2024-08-06,26.0,20.5,23.3,0.0,46.8,345.1
2024-08-07,29.8,16.8,23.3,0.0,55.6,267.7
2024-08-08,27.4,20.3,23.9,0.0,68.8,319.6
2024-08-09,27.3,17.2,22.2,0.0,63.5,301.7
2024-08-10,26.5,13.5,20.0,0.0,65.7,304.8
2024-08-11,27.4,18.9,23.1,0.0,63.8,347.0
2024-08-12,28.6,15.8,22.2,0.0,76.3,291.1
2024-08-13,25.1,18.2,21.7,0.0,62.4,320.7
2024-08-14,25.4,16.7,21.1,3.6,76.1,301.6
2024-08-15,26.0,13.5,19.7,0.0,50.8,294.0
2024-08-16,23.7,16.8,20.3,0.0,62.5,365.6
2024-08-17,24.7,20.7,22.7,0.0,35.6,251.3
2024-08-18,25.2,17.2,21.2,0.0,58.2,331.2
2024-08-19,27.8,15.9,21.9,0.0,57.9,310.2
2024-08-20,26.4,18.0,22.2,0.0,46.4,274.1
2024-08-21,26.1,16.2,21.2,0.0,50.7,335.2
2024-08-22,27.3,16.0,21.7,0.0,68.1,228.8
2024-08-23,25.2,13.3,19.2,0.0,62.3,266.4
2024-08-24,26.1,15.8,21.0,0.0,61.0,243.7
2024-08-25,25.0,17.3,21.1,0.0,63.1,290.1
2024-08-26,25.6,13.4,19.5,9.9,80.9,242.1
2024-08-27,23.7,17.7,20.7,0.0,72.4,286.2
2024-08-28,19.9,14.5,17.2,0.0,61.2,265.4
2024-08-29,24.3,12.8,18.6,0.0,45.4,254.3
2024-08-30,27.3,16.4,21.8,0.0,76.3,278.1
2024-08-31,26.1,13.7,19.9,0.0,63.7,256.0
2024-09-01,26.0,15.6,20.8,18.3,74.1,229.1
2024-09-02,26.4,13.4,19.9,28.2,67.5,343.4
2024-09-03,24.0,13.7,18.8,0.0,64.0,242.4
2024-09-04,24.0,14.6,19.3,0.0,58.8,188.1
2024-09-05,22.2,14.1,18.2,0.0,75.7,226.9
2024-09-06,22.7,9.3,16.0,0.0,56.5,211.7
2024-09-07,24.4,10.9,17.6,0.0,51.6,272.1
2024-09-08,25.4,14.8,20.1,0.0,69.0,254.5
2024-09-09,22.5,12.6,17.6,0.6,89.3,254.3
2024-09-10,21.8,11.6,16.7,0.0,61.7,228.8
2024-09-11,22.5,9.8,16.1,0.0,66.8,229.0
2024-09-12,23.5,10.2,16.8,0.0,59.6,223.8
2024-09-13,19.3,8.1,13.7,0.0,62.3,229.9
2024-09-14,17.4,11.8,14.6,0.0,71.6,254.9
2024-09-15,20.7,10.6,15.7,0.0,66.3,237.4
2024-09-16,19.2,9.7,14.5,0.0,58.3,239.8
2024-09-17,20.5,11.3,15.9,0.0,73.5,237.2
2024-09-18,21.0,12.0,16.5,0.0,36.4,246.2
2024-09-19,20.2,15.3,17.8,0.0,80.5,225.7
2024-09-20,23.9,7.9,15.9,0.0,42.9,225.3
2024-09-21,21.5,13.1,17.3,0.0,53.7,247.6
2024-09-22,21.2,12.6,16.9,0.0,59.6,189.4
2024-09-23,21.7,8.9,15.3,0.0,58.5,181.1
2024-09-24,18.0,10.7,14.3,0.0,70.1,168.6
2024-09-25,22.2,9.2,15.7,0.0,49.4,207.1
2024-09-26,19.8,10.3,15.0,0.0,62.6,143.5
2024-09-27,21.1,12.8,16.9,0.0,54.2,210.3
2024-09-28,17.4,10.8,14.1,0.0,63.0,190.6
2024-09-29,16.3,10.4,13.4,0.0,59.4,225.4
2024-09-30,20.9,8.4,14.6,0.0,60.9,168.6
2024-10-01,19.8,6.1,13.0,0.0,54.5,180.1
2024-10-02,17.1,8.5,12.8,0.0,54.9,217.3
2024-10-03,17.0,11.1,14.1,48.4,82.9,222.5
2024-10-04,20.8,5.5,13.2,0.0,69.4,158.1
2024-10-05,16.0,6.3,11.2,0.0,54.0,181.4
2024-10-06,21.5,8.5,15.0,0.0,51.3,182.2
2024-10-07,16.3,6.1,11.2,0.0,66.1,182.1
2024-10-08,19.2,6.3,12.7,0.0,59.7,160.4
2024-10-09,17.1,6.9,12.0,0.0,68.3,204.2
2024-10-10,18.8,4.8,11.8,0.0,50.9,106.6
2024-10-11,16.3,5.4,10.9,0.0,62.2,148.2
2024-10-12,16.9,8.6,12.8,0.0,54.7,171.7
2024-10-13,17.1,4.4,10.8,0.0,52.3,169.5
2024-10-14,14.9,3.7,9.3,1.2,79.2,194.0
2024-10-15,18.2,5.5,11.8,0.0,53.6,186.9
2024-10-16,15.5,8.0,11.8,0.0,67.4,139.9
2024-10-17,15.9,6.0,11.0,0.0,57.1,185.1
2024-10-18,14.3,5.3,9.8,0.0,61.5,122.3
2024-10-19,11.0,6.2,8.6,28.2,81.6,169.2
2024-10-20,15.5,2.4,9.0,0.0,61.9,193.2
2024-10-21,20.6,6.8,13.7,0.0,59.8,173.0
2024-10-22,17.2,6.4,11.8,0.0,65.1,137.4
2024-10-23,15.4,4.6,10.0,0.0,52.0,122.0
2024-10-24,14.8,7.3,11.1,0.0,74.0,83.8
2024-10-25,15.2,2.9,9.1,0.0,57.6,136.7
2024-10-26,16.1,7.3,11.7,0.0,46.9,91.7
2024-10-27,12.5,5.2,8.8,0.0,61.9,99.1
2024-10-28,16.9,4.0,10.5,0.0,51.5,85.0
2024-10-29,16.0,4.5,10.3,0.0,66.7,104.7
2024-10-30,15.9,4.2,10.0,7.1,100.0,115.5
2024-10-31,15.2,6.7,10.9,0.0,52.1,122.4
2024-11-01,14.2,2.0,8.1,0.0,63.3,94.1
2024-11-02,15.3,2.5,8.9,0.0,42.4,142.1
2024-11-03,15.0,5.9,10.5,0.0,64.5,101.7
2024-11-04,13.0,2.5,7.8,0.0,51.1,82.3
2024-11-05,12.5,5.4,8.9,0.0,53.8,110.8
2024-11-06,13.7,6.9,10.3,4.8,69.0,160.9
2024-11-07,16.4,2.5,9.5,9.8,87.3,110.1
2024-11-08,10.7,4.6,7.7,0.0,70.1,87.3
2024-11-09,10.1,0.8,5.5,0.0,60.2,50.4
2024-11-10,13.3,4.5,8.9,0.0,51.4,87.8
2024-11-11,12.9,3.2,8.1,0.0,75.9,99.6
2024-11-12,13.1,3.7,8.4,9.2,72.5,79.2
2024-11-13,13.1,1.3,7.2,22.4,58.4,50.0
2024-11-14,12.0,-0.8,5.6,0.0,64.6,61.8
2024-11-15,15.4,3.4,9.4,0.0,49.0,129.3
2024-11-16,9.1,-1.9,3.6,0.0,69.9,127.0
2024-11-17,10.5,1.5,6.0,0.4,76.2,55.8
2024-11-18,11.8,3.9,7.9,0.0,66.0,101.0
2024-11-19,8.7,2.3,5.5,0.0,74.0,50.0
2024-11-20,11.5,5.7,8.6,6.3,67.9,119.9
2024-11-21,15.1,3.8,9.4,0.0,54.3,83.6
2024-11-22,11.7,0.3,6.0,3.2,79.2,103.3
2024-11-23,12.0,1.6,6.8,5.5,95.4,50.0
2024-11-24,8.9,1.4,5.2,0.0,53.4,92.4
2024-11-25,10.1,-1.8,4.2,0.0,54.1,70.5
2024-11-26,10.5,-0.6,5.0,0.0,64.8,95.0
2024-11-27,10.6,0.1,5.3,23.6,74.2,95.6
2024-11-28,13.7,-2.9,5.4,0.0,61.5,68.9
2024-11-29,12.2,1.1,6.7,25.5,64.5,50.0
2024-11-30,8.8,0.5,4.6,0.0,82.1,88.0
2024-12-01,11.4,-2.4,4.5,0.0,46.5,61.8
2024-12-02,11.8,1.6,6.7,0.0,56.8,50.0
2024-12-03,13.0,2.2,7.6,2.4,79.7,50.0
2024-12-04,13.9,1.2,7.5,0.0,79.1,50.0
2024-12-05,8.6,-0.0,4.3,5.8,66.8,50.0
2024-12-06,9.0,1.8,5.4,0.0,79.8,91.8
2024-12-07,8.0,1.9,4.9,0.0,67.6,63.2
2024-12-08,10.0,1.1,5.5,0.0,64.2,50.0
2024-12-09,11.4,-1.2,5.1,0.0,50.2,80.4
2024-12-10,12.3,0.9,6.6,0.0,65.7,50.0
2024-12-11,10.2,2.7,6.4,0.0,52.8,57.8
2024-12-12,9.6,-0.9,4.4,3.2,92.7,50.0
2024-12-13,10.5,4.4,7.5,0.0,50.3,77.0
2024-12-14,8.5,-0.8,3.8,3.2,78.9,50.0
2024-12-15,14.4,0.2,7.3,6.1,74.4,50.0
2024-12-16,6.9,-1.2,2.9,0.0,50.1,50.0
2024-12-17,10.5,0.6,5.5,12.7,87.4,50.0
2024-12-18,14.1,-3.4,5.4,0.0,65.4,87.7
2024-12-19,10.1,-1.0,4.5,25.6,92.1,50.0
2024-12-20,9.7,-2.1,3.8,0.0,42.2,50.0
2024-12-21,9.3,0.3,4.8,0.0,70.6,76.7
2024-12-22,9.7,2.0,5.8,0.0,85.1,82.4
2024-12-23,12.8,1.3,7.0,0.0,55.5,50.0
2024-12-24,5.6,-4.7,0.4,0.0,79.0,70.6
2024-12-25,13.1,4.1,8.6,18.3,77.4,50.0
2024-12-26,7.2,0.6,3.9,0.0,46.3,91.3
2024-12-27,9.5,-1.6,4.0,0.0,56.9,114.5
2024-12-28,9.1,0.3,4.7,11.3,90.5,65.7
2024-12-29,11.2,0.4,5.8,0.0,51.6,50.0
2024-12-30,6.8,-1.3,2.8,0.0,54.0,50.0
2024-12-31,11.0,0.4,5.7,0.0,65.9,69.0
